/* 255-03013 */
alter table resection_item add newfaas_claimno varchar(25);
alter table resection_item add faas_claimno varchar(25);

/* 255-03015 */

CREATE TABLE `rptcertification_online` (
  `objid` varchar(50) NOT NULL,
  `state` varchar(25) NOT NULL,
  `reftype` varchar(25) NOT NULL,
  `refid` varchar(50) NOT NULL,
  `refno` varchar(50) NOT NULL,
  `refdate` date NOT NULL,
  `orno` varchar(25) DEFAULT NULL,
  `ordate` date DEFAULT NULL,
  `oramount` decimal(16,2) DEFAULT NULL,
  PRIMARY KEY (`objid`),
  KEY `ix_state` (`state`),
  KEY `ix_refid` (`refid`),
  KEY `ix_refno` (`refno`),
  KEY `ix_orno` (`orno`),
  CONSTRAINT `fk_rptcertification_online_rptcertification` FOREIGN KEY (`objid`) REFERENCES `rptcertification` (`objid`)
) ENGINE=InnoDB DEFAULT CHARSET=utf8
;


CREATE TABLE `assessmentnotice_online` (
  `objid` varchar(50) NOT NULL,
  `state` varchar(25) NOT NULL,
  `reftype` varchar(25) NOT NULL,
  `refid` varchar(50) NOT NULL,
  `refno` varchar(50) NOT NULL,
  `refdate` date NOT NULL,
  `orno` varchar(25) DEFAULT NULL,
  `ordate` date DEFAULT NULL,
  `oramount` decimal(16,2) DEFAULT NULL,
  PRIMARY KEY (`objid`),
  KEY `ix_state` (`state`),
  KEY `ix_refid` (`refid`),
  KEY `ix_refno` (`refno`),
  KEY `ix_orno` (`orno`),
  CONSTRAINT `fk_assessmentnotice_online_assessmentnotice` FOREIGN KEY (`objid`) REFERENCES `assessmentnotice` (`objid`)
) ENGINE=InnoDB DEFAULT CHARSET=utf8
;



/*===============================================================
**
** FAAS ANNOTATION
**
===============================================================*/
CREATE TABLE `faasannotation_faas` (
  `objid` varchar(50) NOT NULL,
  `parent_objid` varchar(50) NOT NULL,
  `faas_objid` varchar(50) NOT NULL,
  PRIMARY KEY (`objid`)
) ENGINE=InnoDB DEFAULT CHARSET=utf8
;


alter table faasannotation_faas 
add constraint fk_faasannotationfaas_faasannotation foreign key(parent_objid)
references faasannotation (objid)
;

alter table faasannotation_faas 
add constraint fk_faasannotationfaas_faas foreign key(faas_objid)
references faas (objid)
;

create index ix_parent_objid on faasannotation_faas(parent_objid)
;

create index ix_faas_objid on faasannotation_faas(faas_objid)
;


create unique index ux_parent_faas on faasannotation_faas(parent_objid, faas_objid)
;

alter table faasannotation modify column faasid varchar(50) null
;



-- insert annotated faas
insert into faasannotation_faas(
  objid, 
  parent_objid,
  faas_objid 
)
select 
  objid, 
  objid as parent_objid,
  faasid as faas_objid 
from faasannotation
;



/*============================================
*
*  LEDGER FAAS FACTS
*
=============================================*/
INSERT INTO `sys_var` (`name`, `value`, `description`, `datatype`, `category`) 
VALUES ('rptledger_rule_include_ledger_faases', '0', 'Include Ledger FAASes as rule facts', 'checkbox', 'LANDTAX')
;

INSERT INTO `sys_var` (`name`, `value`, `description`, `datatype`, `category`) 
VALUES ('rptledger_post_ledgerfaas_by_actualuse', '0', 'Post by Ledger FAAS by actual use', 'checkbox', 'LANDTAX')
;


/* 255-03016 */

/*================================================================
*
* RPTLEDGER REDFLAG
*
================================================================*/

CREATE TABLE `rptledger_redflag` (
  `objid` varchar(50) NOT NULL,
  `parent_objid` varchar(50) NOT NULL,
  `state` varchar(25) NOT NULL,
  `caseno` varchar(25) NULL,
  `dtfiled` datetime NULL,
  `type` varchar(25) NOT NULL,
  `finding` text,
  `remarks` text,
  `blockaction` varchar(25) DEFAULT NULL,
  `filedby_objid` varchar(50) DEFAULT NULL,
  `filedby_name` varchar(255) DEFAULT NULL,
  `filedby_title` varchar(50) DEFAULT NULL,
  `resolvedby_objid` varchar(50) DEFAULT NULL,
  `resolvedby_name` varchar(255) DEFAULT NULL,
  `resolvedby_title` varchar(50) DEFAULT NULL,
  `dtresolved` datetime NULL,
  PRIMARY KEY (`objid`)
) ENGINE=InnoDB DEFAULT CHARSET=utf8
;

create index ix_parent_objid on rptledger_redflag(parent_objid)
;
create index ix_state on rptledger_redflag(state)
;
create unique index ux_caseno on rptledger_redflag(caseno)
;
create index ix_type on rptledger_redflag(type)
;
create index ix_filedby_objid on rptledger_redflag(filedby_objid)
;
create index ix_resolvedby_objid on rptledger_redflag(resolvedby_objid)
;

alter table rptledger_redflag 
add constraint fk_rptledger_redflag_rptledger foreign key (parent_objid)
references rptledger(objid)
;

alter table rptledger_redflag 
add constraint fk_rptledger_redflag_filedby foreign key (filedby_objid)
references sys_user(objid)
;

alter table rptledger_redflag 
add constraint fk_rptledger_redflag_resolvedby foreign key (resolvedby_objid)
references sys_user(objid)
;





/*==================================================
* RETURNED TASK 
==================================================*/
alter table faas_task add returnedby varchar(100)
;
alter table subdivision_task add returnedby varchar(100)
;
alter table consolidation_task add returnedby varchar(100)
;
alter table cancelledfaas_task add returnedby varchar(100)
;
alter table resection_task add returnedby varchar(100)
;



/* 255-03017 */

/*================================================================
*
* LANDTAX SHARE POSTING
*
================================================================*/

alter table rptpayment_share 
	add iscommon int,
	add `year` int
;

update rptpayment_share set iscommon = 0 where iscommon is null 
;


CREATE TABLE `cashreceipt_rpt_share_forposting` (
  `objid` varchar(50) NOT NULL,
  `receiptid` varchar(50) NOT NULL,
  `rptledgerid` varchar(50) NOT NULL,
  `txndate` datetime NOT NULL,
  `error` int(255) NOT NULL,
  `msg` text,
  PRIMARY KEY (`objid`)
) ENGINE=InnoDB DEFAULT CHARSET=utf8
;


create UNIQUE index `ux_receiptid_rptledgerid` on cashreceipt_rpt_share_forposting (`receiptid`,`rptledgerid`)
;
create index `fk_cashreceipt_rpt_share_forposing_rptledger` on cashreceipt_rpt_share_forposting (`rptledgerid`)
;
create index `fk_cashreceipt_rpt_share_forposing_cashreceipt` on cashreceipt_rpt_share_forposting (`receiptid`)
;

alter table cashreceipt_rpt_share_forposting add CONSTRAINT `fk_cashreceipt_rpt_share_forposing_rptledger` 
FOREIGN KEY (`rptledgerid`) REFERENCES `rptledger` (`objid`)
;
alter table cashreceipt_rpt_share_forposting add CONSTRAINT `fk_cashreceipt_rpt_share_forposing_cashreceipt` 
FOREIGN KEY (`receiptid`) REFERENCES `cashreceipt` (`objid`)
;




/*==================================================
**
** BLDG DATE CONSTRUCTED SUPPORT 
**
===================================================*/

alter table bldgrpu add dtconstructed date;


/* 255-03018 */

/*==================================================
**
** ONLINE BATCH GR 
**
===================================================*/
drop table if exists zz_tmp_batchgr_item 
;
drop table if exists zz_tmp_batchgr
;

create table zz_tmp_batchgr 
select * from batchgr
;

create table zz_tmp_batchgr_item 
select * from batchgr_item
;

drop table if exists batchgr_task
;

alter table batchgr 
  add txntype_objid varchar(50),
  add txnno varchar(25),
  add txndate datetime,
  add effectivityyear int,
  add effectivityqtr int,
  add originlgu_objid varchar(50)
;


create index ix_ry on batchgr(ry)
;
create index ix_txnno on batchgr(txnno)
;
create index ix_classificationid on batchgr(classification_objid)
;
create index ix_section on batchgr(section)
;

alter table batchgr 
add constraint fk_batchgr_lguid foreign key(lgu_objid) 
references sys_org(objid)
;

alter table batchgr 
add constraint fk_batchgr_barangayid foreign key(barangay_objid) 
references sys_org(objid)
;

alter table batchgr 
add constraint fk_batchgr_classificationid foreign key(classification_objid) 
references propertyclassification(objid)
;


alter table batchgr_item add subsuffix int
;

alter table batchgr_item 
add constraint fk_batchgr_item_faas foreign key(objid) 
references faas(objid)
;

create table `batchgr_task` (
  `objid` varchar(50) not null,
  `refid` varchar(50) default null,
  `parentprocessid` varchar(50) default null,
  `state` varchar(50) default null,
  `startdate` datetime default null,
  `enddate` datetime default null,
  `assignee_objid` varchar(50) default null,
  `assignee_name` varchar(100) default null,
  `assignee_title` varchar(80) default null,
  `actor_objid` varchar(50) default null,
  `actor_name` varchar(100) default null,
  `actor_title` varchar(80) default null,
  `message` varchar(255) default null,
  `signature` longtext,
  `returnedby` varchar(100) default null,
  primary key (`objid`),
  key `ix_assignee_objid` (`assignee_objid`),
  key `ix_refid` (`refid`)
) engine=innodb default charset=utf8;

alter table batchgr_task 
add constraint fk_batchgr_task_batchgr foreign key(refid) 
references batchgr(objid)
;




drop view if exists vw_batchgr
;

create view vw_batchgr 
as 
select 
  bg.*,
  l.name as lgu_name,
  b.name as barangay_name,
  pc.name as classification_name,
  t.objid AS taskid,
  t.state AS taskstate,
  t.assignee_objid 
from batchgr bg
inner join sys_org l on bg.lgu_objid = l.objid 
left join sys_org b on bg.barangay_objid = b.objid
left join propertyclassification pc on bg.classification_objid = pc.objid 
left join batchgr_task t on bg.objid = t.refid  and t.enddate is null 
;


/* insert task */
insert into batchgr_task (
  objid,
  refid,
  parentprocessid,
  state,
  startdate,
  enddate,
  assignee_objid,
  assignee_name,
  assignee_title,
  actor_objid,
  actor_name,
  actor_title,
  message,
  signature,
  returnedby
)
select 
  concat(b.objid, '-appraiser') as objid,
  b.objid as refid,
  null as parentprocessid,
  'appraiser' as state,
  b.appraiser_dtsigned as startdate,
  b.appraiser_dtsigned as enddate,
  null as assignee_objid,
  b.appraiser_name as assignee_name,
  null as assignee_title,
  null as actor_objid,
  b.appraiser_name as actor_name,
  null as actor_title,
  null as message,
  null as signature,
  null as returnedby
from batchgr b
where b.appraiser_name is not null
;


insert into batchgr_task (
  objid,
  refid,
  parentprocessid,
  state,
  startdate,
  enddate,
  assignee_objid,
  assignee_name,
  assignee_title,
  actor_objid,
  actor_name,
  actor_title,
  message,
  signature,
  returnedby
)
select 
  concat(b.objid, '-taxmapper') as objid,
  b.objid as refid,
  null as parentprocessid,
  'taxmapper' as state,
  b.taxmapper_dtsigned as startdate,
  b.taxmapper_dtsigned as enddate,
  null as assignee_objid,
  b.taxmapper_name as assignee_name,
  null as assignee_title,
  null as actor_objid,
  b.taxmapper_name as actor_name,
  null as actor_title,
  null as message,
  null as signature,
  null as returnedby
from batchgr b
where b.taxmapper_name is not null
;


insert into batchgr_task (
  objid,
  refid,
  parentprocessid,
  state,
  startdate,
  enddate,
  assignee_objid,
  assignee_name,
  assignee_title,
  actor_objid,
  actor_name,
  actor_title,
  message,
  signature,
  returnedby
)
select 
  concat(b.objid, '-recommender') as objid,
  b.objid as refid,
  null as parentprocessid,
  'recommender' as state,
  b.recommender_dtsigned as startdate,
  b.recommender_dtsigned as enddate,
  null as assignee_objid,
  b.recommender_name as assignee_name,
  null as assignee_title,
  null as actor_objid,
  b.recommender_name as actor_name,
  null as actor_title,
  null as message,
  null as signature,
  null as returnedby
from batchgr b
where b.recommender_name is not null
;



insert into batchgr_task (
  objid,
  refid,
  parentprocessid,
  state,
  startdate,
  enddate,
  assignee_objid,
  assignee_name,
  assignee_title,
  actor_objid,
  actor_name,
  actor_title,
  message,
  signature,
  returnedby
)
select 
  concat(b.objid, '-approver') as objid,
  b.objid as refid,
  null as parentprocessid,
  'approver' as state,
  b.approver_dtsigned as startdate,
  b.approver_dtsigned as enddate,
  null as assignee_objid,
  b.approver_name as assignee_name,
  null as assignee_title,
  null as actor_objid,
  b.approver_name as actor_name,
  null as actor_title,
  null as message,
  null as signature,
  null as returnedby
from batchgr b
where b.approver_name is not null
;


alter table batchgr 
  drop column appraiser_name,
  drop column appraiser_dtsigned,
  drop column taxmapper_name,
  drop column taxmapper_dtsigned,
  drop column recommender_name,
  drop column recommender_dtsigned,
  drop column approver_name,
  drop column approver_dtsigned
;  




/*===========================================
*
*  ENTITY MAPPING (PROVINCE)
*
============================================*/

DROP TABLE IF EXISTS `entity_mapping`
;

CREATE TABLE `entity_mapping` (
  `objid` varchar(50) NOT NULL,
  `parent_objid` varchar(50) NOT NULL,
  `org_objid` varchar(50) DEFAULT NULL,
  PRIMARY KEY (`objid`)
) ENGINE=InnoDB DEFAULT CHARSET=utf8
;


drop view if exists vw_entity_mapping
;

create view vw_entity_mapping
as 
select 
  r.*,
  e.entityno,
  e.name, 
  e.address_text as address_text,
  a.province as address_province,
  a.municipality as address_municipality
from entity_mapping r 
inner join entity e on r.objid = e.objid 
left join entity_address a on e.address_objid = a.objid
left join sys_org b on a.barangay_objid = b.objid 
left join sys_org m on b.parent_objid = m.objid 
;




/*===========================================
*
*  CERTIFICATION UPDATES
*
============================================*/
drop view if exists vw_rptcertification_item
;

create view vw_rptcertification_item
as 
SELECT 
  rci.rptcertificationid,
  f.objid as faasid,
  f.fullpin, 
  f.tdno,
  e.objid as taxpayerid,
  e.name as taxpayer_name, 
  f.owner_name, 
  f.administrator_name,
  f.titleno,  
  f.rpuid, 
  pc.code AS classcode, 
  pc.name AS classname,
  so.name AS lguname,
  b.name AS barangay, 
  r.rputype, 
  r.suffix,
  r.totalareaha AS totalareaha,
  r.totalareasqm AS totalareasqm,
  r.totalav,
  r.totalmv, 
  rp.street,
  rp.blockno,
  rp.cadastrallotno,
  rp.surveyno,
  r.taxable,
  f.effectivityyear,
  f.effectivityqtr
FROM rptcertificationitem rci 
  INNER JOIN faas f ON rci.refid = f.objid 
  INNER JOIN rpu r ON f.rpuid = r.objid 
  INNER JOIN propertyclassification pc ON r.classification_objid = pc.objid 
  INNER JOIN realproperty rp ON f.realpropertyid = rp.objid 
  INNER JOIN barangay b ON rp.barangayid = b.objid 
  INNER JOIN sys_org so on f.lguid = so.objid 
  INNER JOIN entity e on f.taxpayer_objid = e.objid 
;



/*===========================================
*
*  SUBDIVISION ASSISTANCE
*
============================================*/
drop table if exists subdivision_assist_item
; 

drop table if exists subdivision_assist
; 

CREATE TABLE `subdivision_assist` (
  `objid` varchar(50) NOT NULL,
  `parent_objid` varchar(50) NOT NULL,
  `taskstate` varchar(50) NOT NULL,
  `assignee_objid` varchar(50) NOT NULL,
  PRIMARY KEY (`objid`)
) ENGINE=InnoDB DEFAULT CHARSET=utf8
;

alter table subdivision_assist 
add constraint fk_subdivision_assist_subdivision foreign key(parent_objid)
references subdivision(objid)
;

alter table subdivision_assist 
add constraint fk_subdivision_assist_user foreign key(assignee_objid)
references sys_user(objid)
;

create index ix_parent_objid on subdivision_assist(parent_objid)
;

create index ix_assignee_objid on subdivision_assist(assignee_objid)
;

create unique index ux_parent_assignee on subdivision_assist(parent_objid, taskstate, assignee_objid)
;


CREATE TABLE `subdivision_assist_item` (
`objid` varchar(50) NOT NULL,
  `subdivision_objid` varchar(50) NOT NULL,
  `parent_objid` varchar(50) NOT NULL,
  `pintype` varchar(10) NOT NULL,
  `section` varchar(5) NOT NULL,
  `startparcel` int(255) NOT NULL,
  `endparcel` int(255) NOT NULL,
  `parcelcount` int(11) DEFAULT NULL,
  `parcelcreated` int(11) DEFAULT NULL,
  PRIMARY KEY (`objid`)
) ENGINE=InnoDB DEFAULT CHARSET=utf8
;

alter table subdivision_assist_item 
add constraint fk_subdivision_assist_item_subdivision foreign key(subdivision_objid)
references subdivision(objid)
;

alter table subdivision_assist_item 
add constraint fk_subdivision_assist_item_subdivision_assist foreign key(parent_objid)
references subdivision_assist(objid)
;

create index ix_subdivision_objid on subdivision_assist_item(subdivision_objid)
;

create index ix_parent_objid on subdivision_assist_item(parent_objid)
;



/*==================================================
**
** REALTY TAX CREDIT
**
===================================================*/

drop table if exists rpttaxcredit
;



CREATE TABLE `rpttaxcredit` (
  `objid` varchar(50) NOT NULL,
  `state` varchar(25) NOT NULL,
  `type` varchar(25) NOT NULL,
  `txnno` varchar(25) DEFAULT NULL,
  `txndate` datetime DEFAULT NULL,
  `reftype` varchar(25) DEFAULT NULL,
  `refid` varchar(50) DEFAULT NULL,
  `refno` varchar(25) NOT NULL,
  `refdate` date NOT NULL,
  `amount` decimal(16,2) NOT NULL,
  `amtapplied` decimal(16,2) NOT NULL,
  `rptledger_objid` varchar(50) NOT NULL,
  `srcledger_objid` varchar(50) DEFAULT NULL,
  `remarks` varchar(255) DEFAULT NULL,
  `approvedby_objid` varchar(50) DEFAULT NULL,
  `approvedby_name` varchar(150) DEFAULT NULL,
  `approvedby_title` varchar(75) DEFAULT NULL,
  PRIMARY KEY (`objid`)
) ENGINE=InnoDB DEFAULT CHARSET=utf8
;


create index ix_state on rpttaxcredit(state)
;

create index ix_type on rpttaxcredit(type)
;

create unique index ux_txnno on rpttaxcredit(txnno)
;

create index ix_reftype on rpttaxcredit(reftype)
;

create index ix_refid on rpttaxcredit(refid)
;

create index ix_refno on rpttaxcredit(refno)
;

create index ix_rptledger_objid on rpttaxcredit(rptledger_objid)
;

create index ix_srcledger_objid on rpttaxcredit(srcledger_objid)
;

alter table rpttaxcredit
add constraint fk_rpttaxcredit_rptledger foreign key (rptledger_objid)
references rptledger (objid)
;

alter table rpttaxcredit
add constraint fk_rpttaxcredit_srcledger foreign key (srcledger_objid)
references rptledger (objid)
;

alter table rpttaxcredit
add constraint fk_rpttaxcredit_sys_user foreign key (approvedby_objid)
references sys_user(objid)
;





/*==================================================
**
** MACHINE SMV
**
===================================================*/

CREATE TABLE `machine_smv` (
  `objid` varchar(50) NOT NULL,
  `parent_objid` varchar(50) NOT NULL,
  `machine_objid` varchar(50) NOT NULL,
  `expr` varchar(255) NOT NULL,
  `previd` varchar(50) DEFAULT NULL,
  PRIMARY KEY (`objid`)
) ENGINE=InnoDB DEFAULT CHARSET=utf8
;

create index ix_parent_objid on machine_smv(parent_objid)
;
create index ix_machine_objid on machine_smv(machine_objid)
;
create index ix_previd on machine_smv(previd)
;
create unique index ux_parent_machine on machine_smv(parent_objid, machine_objid)
;



alter table machine_smv
add constraint fk_machinesmv_machrysetting foreign key (parent_objid)
references machrysetting (objid)
;

alter table machine_smv
add constraint fk_machinesmv_machine foreign key (machine_objid)
references machine(objid)
;


alter table machine_smv
add constraint fk_machinesmv_machinesmv foreign key (previd)
references machine_smv(objid)
;


create view vw_machine_smv 
as 
select 
  ms.*, 
  m.code,
  m.name
from machine_smv ms 
inner join machine m on ms.machine_objid = m.objid 
;

alter table machdetail 
  add smvid varchar(50),
  add params text
;

update machdetail set params = '[]' where params is null
;

create index ix_smvid on machdetail(smvid)
;


alter table machdetail 
add constraint fk_machdetail_machine_smv foreign key(smvid)
references machine_smv(objid)
;




/*==================================================
**
** AFFECTED FAS TXNTYPE (DP)
**
===================================================*/

INSERT INTO `sys_var` (`name`, `value`, `description`, `datatype`, `category`) 
VALUES ('faas_affected_rpu_txntype_dp', '0', 'Set affected improvements FAAS txntype to DP e.g. SD and CS', 'checkbox', 'ASSESSOR')
;

DELETE FROM sys_wf_transition WHERE processname = 'batchgr';
DELETE FROM sys_wf_node WHERE processname = 'batchgr';

INSERT INTO `sys_wf_node` (`name`, `processname`, `title`, `nodetype`, `idx`, `salience`, `domain`, `role`, `properties`, `ui`, `tracktime`) VALUES ('start', 'batchgr', 'Start', 'start', '1', NULL, 'RPT', NULL, NULL, NULL, NULL);
INSERT INTO `sys_wf_node` (`name`, `processname`, `title`, `nodetype`, `idx`, `salience`, `domain`, `role`, `properties`, `ui`, `tracktime`) VALUES ('assign-receiver', 'batchgr', 'For Review and Verification', 'state', '2', NULL, 'RPT', 'RECEIVER', NULL, NULL, NULL);
INSERT INTO `sys_wf_node` (`name`, `processname`, `title`, `nodetype`, `idx`, `salience`, `domain`, `role`, `properties`, `ui`, `tracktime`) VALUES ('receiver', 'batchgr', 'Review and Verification', 'state', '5', NULL, 'RPT', 'RECEIVER', NULL, NULL, NULL);
INSERT INTO `sys_wf_node` (`name`, `processname`, `title`, `nodetype`, `idx`, `salience`, `domain`, `role`, `properties`, `ui`, `tracktime`) VALUES ('assign-examiner', 'batchgr', 'For Examination', 'state', '10', NULL, 'RPT', 'EXAMINER', NULL, NULL, NULL);
INSERT INTO `sys_wf_node` (`name`, `processname`, `title`, `nodetype`, `idx`, `salience`, `domain`, `role`, `properties`, `ui`, `tracktime`) VALUES ('examiner', 'batchgr', 'Examination', 'state', '15', NULL, 'RPT', 'EXAMINER', NULL, NULL, NULL);
INSERT INTO `sys_wf_node` (`name`, `processname`, `title`, `nodetype`, `idx`, `salience`, `domain`, `role`, `properties`, `ui`, `tracktime`) VALUES ('assign-taxmapper', 'batchgr', 'For Taxmapping', 'state', '20', NULL, 'RPT', 'TAXMAPPER', NULL, NULL, NULL);
INSERT INTO `sys_wf_node` (`name`, `processname`, `title`, `nodetype`, `idx`, `salience`, `domain`, `role`, `properties`, `ui`, `tracktime`) VALUES ('assign-provtaxmapper', 'batchgr', 'For Taxmapping', 'state', '20', NULL, 'RPT', 'TAXMAPPER', NULL, NULL, NULL);
INSERT INTO `sys_wf_node` (`name`, `processname`, `title`, `nodetype`, `idx`, `salience`, `domain`, `role`, `properties`, `ui`, `tracktime`) VALUES ('taxmapper', 'batchgr', 'Taxmapping', 'state', '25', NULL, 'RPT', 'TAXMAPPER', NULL, NULL, NULL);
INSERT INTO `sys_wf_node` (`name`, `processname`, `title`, `nodetype`, `idx`, `salience`, `domain`, `role`, `properties`, `ui`, `tracktime`) VALUES ('provtaxmapper', 'batchgr', 'Taxmapping', 'state', '25', NULL, 'RPT', 'TAXMAPPER', NULL, NULL, NULL);
INSERT INTO `sys_wf_node` (`name`, `processname`, `title`, `nodetype`, `idx`, `salience`, `domain`, `role`, `properties`, `ui`, `tracktime`) VALUES ('assign-taxmapping-approval', 'batchgr', 'For Taxmapping Approval', 'state', '30', NULL, 'RPT', 'TAXMAPPER_CHIEF', NULL, NULL, NULL);
INSERT INTO `sys_wf_node` (`name`, `processname`, `title`, `nodetype`, `idx`, `salience`, `domain`, `role`, `properties`, `ui`, `tracktime`) VALUES ('taxmapper_chief', 'batchgr', 'Taxmapping Approval', 'state', '35', NULL, 'RPT', 'TAXMAPPER_CHIEF', NULL, NULL, NULL);
INSERT INTO `sys_wf_node` (`name`, `processname`, `title`, `nodetype`, `idx`, `salience`, `domain`, `role`, `properties`, `ui`, `tracktime`) VALUES ('assign-appraiser', 'batchgr', 'For Appraisal', 'state', '40', NULL, 'RPT', 'APPRAISER', NULL, NULL, NULL);
INSERT INTO `sys_wf_node` (`name`, `processname`, `title`, `nodetype`, `idx`, `salience`, `domain`, `role`, `properties`, `ui`, `tracktime`) VALUES ('assign-provappraiser', 'batchgr', 'For Appraisal', 'state', '40', NULL, 'RPT', 'APPRAISER', NULL, NULL, NULL);
INSERT INTO `sys_wf_node` (`name`, `processname`, `title`, `nodetype`, `idx`, `salience`, `domain`, `role`, `properties`, `ui`, `tracktime`) VALUES ('appraiser', 'batchgr', 'Appraisal', 'state', '45', NULL, 'RPT', 'APPRAISER', NULL, NULL, NULL);
INSERT INTO `sys_wf_node` (`name`, `processname`, `title`, `nodetype`, `idx`, `salience`, `domain`, `role`, `properties`, `ui`, `tracktime`) VALUES ('provappraiser', 'batchgr', 'Appraisal', 'state', '45', NULL, 'RPT', 'APPRAISER', NULL, NULL, NULL);
INSERT INTO `sys_wf_node` (`name`, `processname`, `title`, `nodetype`, `idx`, `salience`, `domain`, `role`, `properties`, `ui`, `tracktime`) VALUES ('assign-appraisal-chief', 'batchgr', 'For Appraisal Approval', 'state', '50', NULL, 'RPT', 'APPRAISAL_CHIEF', NULL, NULL, NULL);
INSERT INTO `sys_wf_node` (`name`, `processname`, `title`, `nodetype`, `idx`, `salience`, `domain`, `role`, `properties`, `ui`, `tracktime`) VALUES ('appraiser_chief', 'batchgr', 'Appraisal Approval', 'state', '55', NULL, 'RPT', 'APPRAISAL_CHIEF', NULL, NULL, NULL);
INSERT INTO `sys_wf_node` (`name`, `processname`, `title`, `nodetype`, `idx`, `salience`, `domain`, `role`, `properties`, `ui`, `tracktime`) VALUES ('assign-recommender', 'batchgr', 'For Recommending Approval', 'state', '70', NULL, 'RPT', 'RECOMMENDER,ASSESSOR', NULL, NULL, NULL);
INSERT INTO `sys_wf_node` (`name`, `processname`, `title`, `nodetype`, `idx`, `salience`, `domain`, `role`, `properties`, `ui`, `tracktime`) VALUES ('recommender', 'batchgr', 'Recommending Approval', 'state', '75', NULL, 'RPT', 'RECOMMENDER,ASSESSOR', NULL, NULL, NULL);
INSERT INTO `sys_wf_node` (`name`, `processname`, `title`, `nodetype`, `idx`, `salience`, `domain`, `role`, `properties`, `ui`, `tracktime`) VALUES ('forprovsubmission', 'batchgr', 'For Province Submission', 'state', '80', NULL, 'RPT', 'RECOMMENDER,ASSESSOR', NULL, NULL, NULL);
INSERT INTO `sys_wf_node` (`name`, `processname`, `title`, `nodetype`, `idx`, `salience`, `domain`, `role`, `properties`, `ui`, `tracktime`) VALUES ('forprovapproval', 'batchgr', 'For Province Approval', 'state', '81', NULL, 'RPT', 'RECOMMENDER,ASSESSOR', NULL, NULL, NULL);
INSERT INTO `sys_wf_node` (`name`, `processname`, `title`, `nodetype`, `idx`, `salience`, `domain`, `role`, `properties`, `ui`, `tracktime`) VALUES ('forapproval', 'batchgr', 'Provincial Assessor Approval', 'state', '85', NULL, 'RPT', 'APPROVER,ASSESSOR', NULL, NULL, NULL);
INSERT INTO `sys_wf_node` (`name`, `processname`, `title`, `nodetype`, `idx`, `salience`, `domain`, `role`, `properties`, `ui`, `tracktime`) VALUES ('assign-approver', 'batchgr', 'For Provincial Assessor Approval', 'state', '90', NULL, 'RPT', 'APPROVER,ASSESSOR', NULL, NULL, NULL);
INSERT INTO `sys_wf_node` (`name`, `processname`, `title`, `nodetype`, `idx`, `salience`, `domain`, `role`, `properties`, `ui`, `tracktime`) VALUES ('approver', 'batchgr', 'Provincial Assessor Approval', 'state', '95', NULL, 'RPT', 'APPROVER,ASSESSOR', NULL, NULL, NULL);
INSERT INTO `sys_wf_node` (`name`, `processname`, `title`, `nodetype`, `idx`, `salience`, `domain`, `role`, `properties`, `ui`, `tracktime`) VALUES ('provapprover', 'batchgr', 'Approved By Province', 'state', '96', NULL, 'RPT', 'APPROVER', NULL, NULL, NULL);
INSERT INTO `sys_wf_node` (`name`, `processname`, `title`, `nodetype`, `idx`, `salience`, `domain`, `role`, `properties`, `ui`, `tracktime`) VALUES ('end', 'batchgr', 'End', 'end', '1000', NULL, 'RPT', NULL, NULL, NULL, NULL);

INSERT INTO `sys_wf_transition` (`parentid`, `processname`, `action`, `to`, `idx`, `eval`, `properties`, `permission`, `caption`, `ui`) VALUES ('start', 'batchgr', '', 'assign-receiver', '1', NULL, NULL, NULL, NULL, NULL);
INSERT INTO `sys_wf_transition` (`parentid`, `processname`, `action`, `to`, `idx`, `eval`, `properties`, `permission`, `caption`, `ui`) VALUES ('assign-receiver', 'batchgr', '', 'receiver', '2', NULL, '[caption:\'Assign To Me\', confirm:\'Assign task to you?\']', NULL, NULL, NULL);
INSERT INTO `sys_wf_transition` (`parentid`, `processname`, `action`, `to`, `idx`, `eval`, `properties`, `permission`, `caption`, `ui`) VALUES ('receiver', 'batchgr', 'submit', 'assign-provtaxmapper', '5', NULL, '[caption:\'Submit For Taxmapping\', confirm:\'Submit?\']', NULL, NULL, NULL);
INSERT INTO `sys_wf_transition` (`parentid`, `processname`, `action`, `to`, `idx`, `eval`, `properties`, `permission`, `caption`, `ui`) VALUES ('assign-examiner', 'batchgr', '', 'examiner', '10', NULL, '[caption:\'Assign To Me\', confirm:\'Assign task to you?\']', NULL, NULL, NULL);
INSERT INTO `sys_wf_transition` (`parentid`, `processname`, `action`, `to`, `idx`, `eval`, `properties`, `permission`, `caption`, `ui`) VALUES ('examiner', 'batchgr', 'returnreceiver', 'receiver', '15', NULL, '[caption:\'Return to Receiver\', confirm:\'Return to receiver?\', messagehandler:\'default\']', NULL, NULL, NULL);
INSERT INTO `sys_wf_transition` (`parentid`, `processname`, `action`, `to`, `idx`, `eval`, `properties`, `permission`, `caption`, `ui`) VALUES ('examiner', 'batchgr', 'submit', 'assign-provtaxmapper', '16', NULL, '[caption:\'Submit for Approval\', confirm:\'Submit?\']', NULL, NULL, NULL);
INSERT INTO `sys_wf_transition` (`parentid`, `processname`, `action`, `to`, `idx`, `eval`, `properties`, `permission`, `caption`, `ui`) VALUES ('assign-provtaxmapper', 'batchgr', '', 'provtaxmapper', '20', NULL, '[caption:\'Assign To Me\', confirm:\'Assign task to you?\']', NULL, NULL, NULL);
INSERT INTO `sys_wf_transition` (`parentid`, `processname`, `action`, `to`, `idx`, `eval`, `properties`, `permission`, `caption`, `ui`) VALUES ('provtaxmapper', 'batchgr', 'returnexaminer', 'examiner', '25', NULL, '[caption:\'Return to Examiner\', confirm:\'Return to examiner?\', messagehandler:\'default\']', NULL, NULL, NULL);
INSERT INTO `sys_wf_transition` (`parentid`, `processname`, `action`, `to`, `idx`, `eval`, `properties`, `permission`, `caption`, `ui`) VALUES ('provtaxmapper', 'batchgr', 'submit', 'assign-provappraiser', '26', NULL, '[caption:\'Submit for Approval\', confirm:\'Submit?\', messagehandler:\'rptmessage:sign\']', NULL, NULL, NULL);
INSERT INTO `sys_wf_transition` (`parentid`, `processname`, `action`, `to`, `idx`, `eval`, `properties`, `permission`, `caption`, `ui`) VALUES ('assign-provappraiser', 'batchgr', '', 'provappraiser', '40', NULL, '[caption:\'Assign To Me\', confirm:\'Assign task to you?\']', NULL, NULL, NULL);
INSERT INTO `sys_wf_transition` (`parentid`, `processname`, `action`, `to`, `idx`, `eval`, `properties`, `permission`, `caption`, `ui`) VALUES ('provappraiser', 'batchgr', 'returntaxmapper', 'provtaxmapper', '45', NULL, '[caption:\'Return to Taxmapper\', confirm:\'Return to taxmapper?\', messagehandler:\'default\']', NULL, NULL, NULL);
INSERT INTO `sys_wf_transition` (`parentid`, `processname`, `action`, `to`, `idx`, `eval`, `properties`, `permission`, `caption`, `ui`) VALUES ('provappraiser', 'batchgr', 'returnexaminer', 'examiner', '46', NULL, '[caption:\'Return to Examiner\', confirm:\'Return to examiner?\', messagehandler:\'default\']', NULL, NULL, NULL);
INSERT INTO `sys_wf_transition` (`parentid`, `processname`, `action`, `to`, `idx`, `eval`, `properties`, `permission`, `caption`, `ui`) VALUES ('provappraiser', 'batchgr', 'submit', 'assign-approver', '47', NULL, '[caption:\'Submit for Approval\', confirm:\'Submit?\', messagehandler:\'rptmessage:sign\']', NULL, NULL, NULL);
INSERT INTO `sys_wf_transition` (`parentid`, `processname`, `action`, `to`, `idx`, `eval`, `properties`, `permission`, `caption`, `ui`) VALUES ('assign-approver', 'batchgr', '', 'approver', '70', NULL, '[caption:\'Assign To Me\', confirm:\'Assign task to you?\']', NULL, NULL, NULL);
INSERT INTO `sys_wf_transition` (`parentid`, `processname`, `action`, `to`, `idx`, `eval`, `properties`, `permission`, `caption`, `ui`) VALUES ('approver', 'batchgr', 'approve', 'provapprover', '90', NULL, '[caption:\'Approve\', confirm:\'Approve record?\', messagehandler:\'rptmessage:sign\']', NULL, NULL, NULL);
INSERT INTO `sys_wf_transition` (`parentid`, `processname`, `action`, `to`, `idx`, `eval`, `properties`, `permission`, `caption`, `ui`) VALUES ('provapprover', 'batchgr', 'backforprovapproval', 'approver', '95', NULL, '[caption:\'Cancel Posting\', confirm:\'Cancel posting record?\']', NULL, NULL, NULL);
INSERT INTO `sys_wf_transition` (`parentid`, `processname`, `action`, `to`, `idx`, `eval`, `properties`, `permission`, `caption`, `ui`) VALUES ('provapprover', 'batchgr', 'completed', 'end', '100', NULL, '[caption:\'Approved\', visible:false]', NULL, NULL, NULL);


drop table if exists sync_data_forprocess
;
drop table if exists sync_data_pending
;
drop table if exists sync_data
;

CREATE TABLE `syncdata_forsync` (
  `objid` varchar(50) NOT NULL,
  `reftype` varchar(100) NOT NULL,
  `refno` varchar(50) NOT NULL,
  `action` varchar(100) NOT NULL,
  `orgid` varchar(25) NOT NULL,
  `dtfiled` datetime NOT NULL,
  `createdby_objid` varchar(50) DEFAULT NULL,
  `createdby_name` varchar(255) DEFAULT NULL,
  `createdby_title` varchar(100) DEFAULT NULL,
  `info` text,
  PRIMARY KEY (`objid`),
  KEY `ix_dtfiled` (`dtfiled`),
  KEY `ix_createdbyid` (`createdby_objid`),
  KEY `ix_reftype` (`reftype`) USING BTREE,
  KEY `ix_refno` (`refno`)
) ENGINE=InnoDB DEFAULT CHARSET=utf8
;

CREATE TABLE `syncdata` (
  `objid` varchar(50) NOT NULL,
  `state` varchar(50) NOT NULL,
  `refid` varchar(50) NOT NULL,
  `reftype` varchar(50) NOT NULL,
  `refno` varchar(50) DEFAULT NULL,
  `action` varchar(50) NOT NULL,
  `dtfiled` datetime NOT NULL,
  `orgid` varchar(50) DEFAULT NULL,
  `remote_orgid` varchar(50) DEFAULT NULL,
  `remote_orgcode` varchar(20) DEFAULT NULL,
  `remote_orgclass` varchar(20) DEFAULT NULL,
  `sender_objid` varchar(50) DEFAULT NULL,
  `sender_name` varchar(150) DEFAULT NULL,
  `fileid` varchar(255) DEFAULT NULL,
  PRIMARY KEY (`objid`),
  KEY `ix_reftype` (`reftype`),
  KEY `ix_refno` (`refno`),
  KEY `ix_orgid` (`orgid`),
  KEY `ix_dtfiled` (`dtfiled`),
  KEY `ix_fileid` (`fileid`),
  KEY `ix_refid` (`refid`)
) ENGINE=InnoDB DEFAULT CHARSET=utf8
;


CREATE TABLE `syncdata_item` (
  `objid` varchar(50) NOT NULL,
  `parentid` varchar(50) NOT NULL,
  `state` varchar(50) NOT NULL,
  `refid` varchar(50) NOT NULL,
  `reftype` varchar(255) NOT NULL,
  `refno` varchar(50) DEFAULT NULL,
  `action` varchar(100) NOT NULL,
  `error` text,
  `idx` int(255) NOT NULL,
  `info` text,
  PRIMARY KEY (`objid`),
  KEY `ix_parentid` (`parentid`),
  KEY `ix_refid` (`refid`),
  KEY `ix_refno` (`refno`),
  CONSTRAINT `fk_syncdataitem_syncdata` FOREIGN KEY (`parentid`) REFERENCES `syncdata` (`objid`)
) ENGINE=InnoDB DEFAULT CHARSET=utf8
;



CREATE TABLE `syncdata_forprocess` (
  `objid` varchar(50) NOT NULL,
  `parentid` varchar(50) NOT NULL,
  PRIMARY KEY (`objid`),
  KEY `ix_parentid` (`parentid`),
  CONSTRAINT `fk_syncdata_forprocess_syncdata_item` FOREIGN KEY (`objid`) REFERENCES `syncdata_item` (`objid`)
) ENGINE=InnoDB DEFAULT CHARSET=utf8
;


CREATE TABLE `syncdata_pending` (
  `objid` varchar(50) NOT NULL,
  `error` text,
  `expirydate` datetime DEFAULT NULL,
  PRIMARY KEY (`objid`),
  KEY `ix_expirydate` (`expirydate`),
  CONSTRAINT `fk_syncdata_pending_syncdata` FOREIGN KEY (`objid`) REFERENCES `syncdata` (`objid`)
) ENGINE=InnoDB DEFAULT CHARSET=utf8
;




/* PREVTAXABILITY */
alter table faas_previous add prevtaxability varchar(10)
;


update faas_previous pf, faas f, rpu r set 
  pf.prevtaxability = case when r.taxable = 1 then 'TAXABLE' else 'EXEMPT' end 
where pf.prevfaasid = f.objid
and f.rpuid = r.objid 
and pf.prevtaxability is null 
;




/* 255-03020 */

alter table syncdata_item add async int default 0
;
alter table syncdata_item add dependedaction varchar(100)
;

create index ix_state on syncdata(state)
;
create index ix_state on syncdata_item(state)
;

create table syncdata_offline_org (
	orgid varchar(50) not null,
	expirydate datetime not null,
	primary key(orgid)
)
;




/*=======================================
*
*  QRRPA: Mixed-Use Support
*
=======================================*/

drop view if exists vw_rpu_assessment
;

create view vw_rpu_assessment as 
select 
	r.objid,
	r.rputype,
	dpc.objid as dominantclass_objid,
	dpc.code as dominantclass_code,
	dpc.name as dominantclass_name,
	dpc.orderno as dominantclass_orderno,
	ra.areasqm,
	ra.areaha,
	ra.marketvalue,
	ra.assesslevel,
	ra.assessedvalue,
	ra.taxable,
	au.code as actualuse_code, 
	au.name  as actualuse_name,
	auc.objid as actualuse_objid,
	auc.code as actualuse_classcode,
	auc.name as actualuse_classname,
	auc.orderno as actualuse_orderno
from rpu r 
inner join propertyclassification dpc on r.classification_objid = dpc.objid
inner join rpu_assessment ra on r.objid = ra.rpuid
inner join landassesslevel au on ra.actualuse_objid = au.objid 
left join propertyclassification auc on au.classification_objid = auc.objid

union 

select 
	r.objid,
	r.rputype,
	dpc.objid as dominantclass_objid,
	dpc.code as dominantclass_code,
	dpc.name as dominantclass_name,
	dpc.orderno as dominantclass_orderno,
	ra.areasqm,
	ra.areaha,
	ra.marketvalue,
	ra.assesslevel,
	ra.assessedvalue,
	ra.taxable,
	au.code as actualuse_code, 
	au.name  as actualuse_name,
	auc.objid as actualuse_objid,
	auc.code as actualuse_classcode,
	auc.name as actualuse_classname,
	auc.orderno as actualuse_orderno
from rpu r 
inner join propertyclassification dpc on r.classification_objid = dpc.objid
inner join rpu_assessment ra on r.objid = ra.rpuid
inner join bldgassesslevel au on ra.actualuse_objid = au.objid 
left join propertyclassification auc on au.classification_objid = auc.objid

union 

select 
	r.objid,
	r.rputype,
	dpc.objid as dominantclass_objid,
	dpc.code as dominantclass_code,
	dpc.name as dominantclass_name,
	dpc.orderno as dominantclass_orderno,
	ra.areasqm,
	ra.areaha,
	ra.marketvalue,
	ra.assesslevel,
	ra.assessedvalue,
	ra.taxable,
	au.code as actualuse_code, 
	au.name  as actualuse_name,
	auc.objid as actualuse_objid,
	auc.code as actualuse_classcode,
	auc.name as actualuse_classname,
	auc.orderno as actualuse_orderno
from rpu r 
inner join propertyclassification dpc on r.classification_objid = dpc.objid
inner join rpu_assessment ra on r.objid = ra.rpuid
inner join machassesslevel au on ra.actualuse_objid = au.objid 
left join propertyclassification auc on au.classification_objid = auc.objid

union 

select 
	r.objid,
	r.rputype,
	dpc.objid as dominantclass_objid,
	dpc.code as dominantclass_code,
	dpc.name as dominantclass_name,
	dpc.orderno as dominantclass_orderno,
	ra.areasqm,
	ra.areaha,
	ra.marketvalue,
	ra.assesslevel,
	ra.assessedvalue,
	ra.taxable,
	au.code as actualuse_code, 
	au.name  as actualuse_name,
	auc.objid as actualuse_objid,
	auc.code as actualuse_classcode,
	auc.name as actualuse_classname,
	auc.orderno as actualuse_orderno
from rpu r 
inner join propertyclassification dpc on r.classification_objid = dpc.objid
inner join rpu_assessment ra on r.objid = ra.rpuid
inner join planttreeassesslevel au on ra.actualuse_objid = au.objid 
left join propertyclassification auc on au.classification_objid = auc.objid

union 

select 
	r.objid,
	r.rputype,
	dpc.objid as dominantclass_objid,
	dpc.code as dominantclass_code,
	dpc.name as dominantclass_name,
	dpc.orderno as dominantclass_orderno,
	ra.areasqm,
	ra.areaha,
	ra.marketvalue,
	ra.assesslevel,
	ra.assessedvalue,
	ra.taxable,
	au.code as actualuse_code, 
	au.name  as actualuse_name,
	auc.objid as actualuse_objid,
	auc.code as actualuse_classcode,
	auc.name as actualuse_classname,
	auc.orderno as actualuse_orderno
from rpu r 
inner join propertyclassification dpc on r.classification_objid = dpc.objid
inner join rpu_assessment ra on r.objid = ra.rpuid
inner join miscassesslevel au on ra.actualuse_objid = au.objid 
left join propertyclassification auc on au.classification_objid = auc.objid
;




drop table if exists syncdata_offline_org
;

DROP TABLE if exists `syncdata_org` 
; 


CREATE TABLE `syncdata_org` (
  `orgid` varchar(50) NOT NULL,
  `state` varchar(50) NOT NULL,
  `errorcount` int default 0,
  PRIMARY KEY (`orgid`)
) ENGINE=InnoDB DEFAULT CHARSET=utf8
;

create index ix_state on syncdata_org(state)
;

insert into syncdata_org (
  orgid, 
  state, 
  errorcount
)
select 
  objid,
  'ACTIVE',
  0
from sys_org
where orgclass = 'municipality'
;


drop table if exists syncdata_forprocess
;

CREATE TABLE `syncdata_forprocess` (
  `objid` varchar(50) NOT NULL,
  `processed` int(11) DEFAULT '0',
  PRIMARY KEY (`objid`),
  CONSTRAINT `fk_forprocess_syncdata_item` FOREIGN KEY (`objid`) REFERENCES `syncdata_item` (`objid`)
) ENGINE=InnoDB DEFAULT CHARSET=utf8
;


alter table rptledger_item 
	add fromqtr int,
	add toqtr int;


DROP TABLE if exists `batch_rpttaxcredit_ledger_posted`
;

DROP TABLE if exists `batch_rpttaxcredit_ledger`
;

DROP TABLE if exists `batch_rpttaxcredit`
;

CREATE TABLE `batch_rpttaxcredit` (
  `objid` varchar(50) NOT NULL,
  `state` varchar(25) NOT NULL,
  `txndate` date NOT NULL,
  `txnno` varchar(25) NOT NULL,
  `rate` decimal(10,2) NOT NULL,
  `paymentfrom` date DEFAULT NULL,
  `paymentto` varchar(255) DEFAULT NULL,
  `creditedyear` int(255) NOT NULL,
  `reason` varchar(255) NOT NULL,
  `validity` date NULL,
  PRIMARY KEY (`objid`),
  KEY `ix_state` (`state`),
  KEY `ix_txnno` (`txnno`)
) ENGINE=InnoDB DEFAULT CHARSET=utf8
;

CREATE TABLE `batch_rpttaxcredit_ledger` (
  `objid` varchar(50) NOT NULL,
  `parentid` varchar(50) NOT NULL,
  `state` varchar(25) NOT NULL,
  `error` varchar(255) NULL,
	barangayid varchar(50) not null, 
  PRIMARY KEY (`objid`),
  KEY `ix_parentid` (`parentid`),
  KEY `ix_state` (`state`),
KEY `ix_barangayid` (`barangayid`)
) ENGINE=InnoDB DEFAULT CHARSET=utf8
;

alter table batch_rpttaxcredit_ledger 
add constraint fk_rpttaxcredit_rptledger_parent foreign key(parentid) references batch_rpttaxcredit(objid)
;

alter table batch_rpttaxcredit_ledger 
add constraint fk_rpttaxcredit_rptledger_rptledger foreign key(objid) references rptledger(objid)
;




CREATE TABLE `batch_rpttaxcredit_ledger_posted` (
  `objid` varchar(50) NOT NULL,
  `parentid` varchar(50) NOT NULL,
  `barangayid` varchar(50) NOT NULL,
  PRIMARY KEY (`objid`),
  KEY `ix_parentid` (`parentid`),
  KEY `ix_barangayid` (`barangayid`)
) ENGINE=InnoDB DEFAULT CHARSET=utf8
;

alter table batch_rpttaxcredit_ledger_posted 
add constraint fk_rpttaxcredit_rptledger_posted_parent foreign key(parentid) references batch_rpttaxcredit(objid)
;

alter table batch_rpttaxcredit_ledger_posted 
add constraint fk_rpttaxcredit_rptledger_posted_rptledger foreign key(objid) references rptledger(objid)
;

create view vw_batch_rpttaxcredit_error
as 
select br.*, rl.tdno
from batch_rpttaxcredit_ledger br 
inner join rptledger rl on br.objid = rl.objid 
where br.state = 'ERROR'
;

alter table rpttaxcredit add info text
;


alter table rpttaxcredit add discapplied decimal(16,2) not null
;

update rpttaxcredit set discapplied = 0 where discapplied is null 
;


CREATE TABLE `rpt_syncdata_forsync` (
  `objid` varchar(50) NOT NULL,
  `reftype` varchar(50) NOT NULL,
  `refno` varchar(50) NOT NULL,
  `action` varchar(50) NOT NULL,
  `orgid` varchar(50) NOT NULL,
  `dtfiled` datetime NOT NULL,
  `createdby_objid` varchar(50) DEFAULT NULL,
  `createdby_name` varchar(255) DEFAULT NULL,
  `createdby_title` varchar(50) DEFAULT NULL,
  PRIMARY KEY (`objid`),
  KEY `ix_refno` (`refno`),
  KEY `ix_orgid` (`orgid`)
) ENGINE=InnoDB DEFAULT CHARSET=utf8
;

CREATE TABLE `rpt_syncdata` (
  `objid` varchar(50) NOT NULL,
  `state` varchar(25) NOT NULL,
  `refid` varchar(50) NOT NULL,
  `reftype` varchar(50) NOT NULL,
  `refno` varchar(50) NOT NULL,
  `action` varchar(50) NOT NULL,
  `dtfiled` datetime NOT NULL,
  `orgid` varchar(50) NOT NULL,
  `remote_orgid` varchar(50) DEFAULT NULL,
  `remote_orgcode` varchar(5) DEFAULT NULL,
  `remote_orgclass` varchar(25) DEFAULT NULL,
  `sender_objid` varchar(50) DEFAULT NULL,
  `sender_name` varchar(255) DEFAULT NULL,
  `sender_title` varchar(80) DEFAULT NULL,
  PRIMARY KEY (`objid`),
  KEY `ix_state` (`state`),
  KEY `ix_refid` (`refid`),
  KEY `ix_refno` (`refno`),
  KEY `ix_orgid` (`orgid`)
) ENGINE=InnoDB DEFAULT CHARSET=utf8
;

CREATE TABLE `rpt_syncdata_item` (
  `objid` varchar(50) NOT NULL,
  `parentid` varchar(50) NOT NULL,
  `state` varchar(25) NOT NULL,
  `refid` varchar(50) NOT NULL,
  `reftype` varchar(50) NOT NULL,
  `refno` varchar(50) NOT NULL,
  `action` varchar(50) NOT NULL,
  `idx` int(11) NOT NULL,
  `info` text,
  PRIMARY KEY (`objid`),
  KEY `ix_parentid` (`parentid`),
  KEY `ix_state` (`state`),
  KEY `ix_refid` (`refid`),
  KEY `ix_refno` (`refno`),
  CONSTRAINT `FK_parentid_rpt_syncdata` FOREIGN KEY (`parentid`) REFERENCES `rpt_syncdata` (`objid`)
) ENGINE=InnoDB DEFAULT CHARSET=utf8
;

CREATE TABLE `rpt_syncdata_error` (
  `objid` varchar(50) NOT NULL,
  `filekey` varchar(1000) NOT NULL,
  `error` text,
  `refid` varchar(50) NOT NULL,
  `reftype` varchar(50) NOT NULL,
  `refno` varchar(50) NOT NULL,
  `action` varchar(50) NOT NULL,
  `idx` int(11) NOT NULL,
  `info` text,
  `parent` text,
  `remote_orgid` varchar(50) DEFAULT NULL,
  `remote_orgcode` varchar(5) DEFAULT NULL,
  `remote_orgclass` varchar(50) DEFAULT NULL,
  PRIMARY KEY (`objid`),
  KEY `ix_refid` (`refid`),
  KEY `ix_refno` (`refno`),
  KEY `ix_filekey` (`filekey`(255)),
  KEY `ix_remote_orgid` (`remote_orgid`),
  KEY `ix_remote_orgcode` (`remote_orgcode`)
) ENGINE=InnoDB DEFAULT CHARSET=utf8
;

INSERT INTO `sys_var` (`name`, `value`, `description`, `datatype`, `category`) 
VALUES ('assesser_new_sync_lgus', NULL, 'List of LGUs using new sync facility', NULL, 'ASSESSOR')
;



ALTER TABLE rpt_syncdata_forsync ADD remote_orgid VARCHAR(15)
;


INSERT INTO `sys_var` (`name`, `value`, `description`, `datatype`, `category`) VALUES ('fileserver_upload_task_active', '0', 'Activate / Deactivate upload task', 'boolean', 'SYSTEM')
;



INSERT INTO `sys_var` (`name`, `value`, `description`, `datatype`, `category`) 
VALUES ('fileserver_download_task_active', '1', 'Activate / Deactivate download task', 'boolean', 'SYSTEM')
;


CREATE TABLE `rpt_syncdata_completed` (
  `objid` varchar(255) NOT NULL,
  `idx` int(255) DEFAULT NULL,
  `action` varchar(100) DEFAULT NULL,
  `refno` varchar(50) DEFAULT NULL,
  `refid` varchar(50) DEFAULT NULL,
  `reftype` varchar(50) DEFAULT NULL,
  `parent_orgid` varchar(50) DEFAULT NULL,
  `sender_name` varchar(255) DEFAULT NULL,
  `sender_title` varchar(255) DEFAULT NULL,
  `dtcreated` datetime DEFAULT NULL,
  PRIMARY KEY (`objid`),
  KEY `ix_refno` (`refno`),
  KEY `ix_refid` (`refid`),
  KEY `ix_parent_orgid` (`parent_orgid`)
) ENGINE=InnoDB DEFAULT CHARSET=utf8
;


alter table rpt_syncdata_forsync add info text
;
alter table rpt_syncdata add info text
;



drop view if exists vw_landtax_lgu_account_mapping
;

CREATE VIEW vw_landtax_lgu_account_mapping 
AS 
select 
    ia.org_objid AS org_objid,
    ia.org_name AS org_name,
    o.orgclass AS org_class,
    p.objid AS parent_objid,
    p.code AS parent_code,
    p.title AS parent_title,
    ia.objid AS item_objid,
    ia.code AS item_code,
    ia.title AS item_title,
    ia.fund_objid AS item_fund_objid,
    ia.fund_code AS item_fund_code,
    ia.fund_title AS item_fund_title,
    ia.type AS item_type,
    pt.tag AS item_tag 
from itemaccount ia 
    inner join itemaccount p on ia.parentid = p.objid 
    inner join itemaccount_tag pt on p.objid = pt.acctid 
    inner join sys_org o on ia.org_objid = o.objid 
where p.state = 'ACTIVE' 
  and ia.state = 'ACTIVE'
;


drop view if exists vw_batchgr
;

create view vw_batchgr 
as 
select 
    bg.objid AS objid,
    bg.state AS state,
    bg.ry AS ry,
    bg.lgu_objid AS lgu_objid,
    bg.barangay_objid AS barangay_objid,
    bg.rputype AS rputype,
    bg.classification_objid AS classification_objid,
    bg.section AS section,
    bg.memoranda AS memoranda,
    bg.txntype_objid AS txntype_objid,
    bg.txnno AS txnno,
    bg.txndate AS txndate,
    bg.effectivityyear AS effectivityyear,
    bg.effectivityqtr AS effectivityqtr,
    bg.originlgu_objid AS originlgu_objid,
    l.name AS lgu_name,
    b.name AS barangay_name,
    b.pin AS barangay_pin,
    pc.name AS classification_name,
    t.objid AS taskid,
    t.state AS taskstate,
    t.assignee_objid AS assignee_objid 
from batchgr bg join sys_org l on bg.lgu_objid = l.objid 
    left join barangay b on bg.barangay_objid = b.objid 
    left join propertyclassification pc on bg.classification_objid = pc.objid 
    left join batchgr_task t on bg.objid = t.refid and t.enddate is null 
;


DROP TABLE IF EXISTS `cashreceipt_rpt_share_forposting_repost` 
;

CREATE TABLE `cashreceipt_rpt_share_forposting_repost` (
  `objid` varchar(50) NOT NULL,
  `rptpaymentid` varchar(50) NOT NULL,
  `receiptid` varchar(50) NOT NULL,
  `receiptdate` date NOT NULL,
  `rptledgerid` varchar(50) NOT NULL,
  PRIMARY KEY (`objid`),
  UNIQUE KEY `ux_receiptid_rptledgerid` (`receiptid`,`rptledgerid`),
  KEY `fk_rptshare_repost_rptledgerid` (`rptledgerid`),
  KEY `fk_rptshare_repost_cashreceiptid` (`receiptid`),
  CONSTRAINT `fk_rptshare_repost_cashreceipt` FOREIGN KEY (`receiptid`) REFERENCES `cashreceipt` (`objid`),
  CONSTRAINT `fk_rptshare_repost_rptledger` FOREIGN KEY (`rptledgerid`) REFERENCES `rptledger` (`objid`)
) ENGINE=InnoDB DEFAULT CHARSET=utf8
;

drop view if exists vw_report_orc
;


create view vw_report_orc as 
select 
	f.objid,
	f.state,
	e.objid as taxpayerid,
	e.name as taxpayer_name,
	e.address_text as taxpayer_address,
  	o.name as lgu_name,
	o.code as lgu_indexno,
	f.dtapproved,
	r.rputype,
	pc.code as classcode,
	pc.name as classification,
	f.fullpin as pin,
	f.titleno,
	rp.cadastrallotno,
	f.tdno,
	'' as arpno,
	f.prevowner,
	b.name as location,
	r.totalareaha,
	r.totalareasqm,
	r.totalmv, 
	r.totalav,
	case when f.state = 'CURRENT' then '' else 'CANCELLED' end as remarks
from faas f
inner join rpu r on f.rpuid = r.objid 
inner join realproperty rp on f.realpropertyid = rp.objid 
inner join propertyclassification pc on r.classification_objid = pc.objid 
inner join entity e on f.taxpayer_objid = e.objid 
inner join sys_org o on rp.lguid = o.objid 
inner join barangay b on rp.barangayid = b.objid 
where f.state in ('CURRENT', 'CANCELLED')
;






DROP TABLE IF EXISTS `cashreceipt_rpt_share_forposting_repost`
;

CREATE TABLE `cashreceipt_rpt_share_forposting_repost` (
  `objid` varchar(50) NOT NULL,
  `rptpaymentid` varchar(50) NOT NULL,
  `receiptid` varchar(50) NOT NULL,
  `receiptdate` date NOT NULL,
  `rptledgerid` varchar(50) NOT NULL,
  PRIMARY KEY (`objid`),
  UNIQUE KEY `ux_receiptid_rptledgerid` (`receiptid`,`rptledgerid`),
  KEY `fk_rptshare_repost_rptledgerid` (`rptledgerid`),
  KEY `fk_rptshare_repost_cashreceiptid` (`receiptid`),
  CONSTRAINT `fk_rptshare_repost_cashreceipt` FOREIGN KEY (`receiptid`) REFERENCES `cashreceipt` (`objid`),
  CONSTRAINT `fk_rptshare_repost_rptledger` FOREIGN KEY (`rptledgerid`) REFERENCES `rptledger` (`objid`)
) ENGINE=InnoDB DEFAULT CHARSET=utf8
;


alter table bldgrpu add occpermitno varchar(25)
;

alter table rpu add isonline int
;

update rpu set isonline = 0 where isonline is null 
;


drop table if exists rpt_syncdata_item;
drop table if exists rpt_syncdata_forsync;
drop table if exists rpt_syncdata_error;
drop table if exists rpt_syncdata_completed;
drop table if exists rpt_syncdata;

CREATE TABLE `rpt_syncdata` (
  `objid` varchar(50) NOT NULL,
  `state` varchar(25) NOT NULL,
  `refid` varchar(50) NOT NULL,
  `reftype` varchar(50) NOT NULL,
  `refno` varchar(50) NOT NULL,
  `action` varchar(50) NOT NULL,
  `dtfiled` datetime NOT NULL,
  `orgid` varchar(50) NOT NULL,
  `remote_orgid` varchar(50) DEFAULT NULL,
  `remote_orgcode` varchar(5) DEFAULT NULL,
  `remote_orgclass` varchar(25) DEFAULT NULL,
  `sender_objid` varchar(50) DEFAULT NULL,
  `sender_name` varchar(255) DEFAULT NULL,
  `sender_title` varchar(80) DEFAULT NULL,
  `info` text,
  PRIMARY KEY (`objid`),
  KEY `ix_state` (`state`),
  KEY `ix_refid` (`refid`),
  KEY `ix_refno` (`refno`),
  KEY `ix_orgid` (`orgid`)
) ENGINE=InnoDB DEFAULT CHARSET=utf8
;

CREATE TABLE `rpt_syncdata_item` (
  `objid` varchar(50) NOT NULL,
  `parentid` varchar(50) NOT NULL,
  `state` varchar(25) NOT NULL,
  `refid` varchar(50) NOT NULL,
  `reftype` varchar(50) NOT NULL,
  `refno` varchar(50) NOT NULL,
  `action` varchar(50) NOT NULL,
  `idx` int(11) NOT NULL,
  `info` text,
  PRIMARY KEY (`objid`),
  KEY `ix_parentid` (`parentid`),
  KEY `ix_state` (`state`),
  KEY `ix_refid` (`refid`),
  KEY `ix_refno` (`refno`),
  CONSTRAINT `FK_parentid_rpt_syncdata` FOREIGN KEY (`parentid`) REFERENCES `rpt_syncdata` (`objid`)
) ENGINE=InnoDB DEFAULT CHARSET=utf8
;

CREATE TABLE `rpt_syncdata_forsync` (
  `objid` varchar(50) NOT NULL,
  `reftype` varchar(50) NOT NULL,
  `refno` varchar(50) NOT NULL,
  `action` varchar(50) NOT NULL,
  `orgid` varchar(50) NOT NULL,
  `dtfiled` datetime NOT NULL,
  `createdby_objid` varchar(50) DEFAULT NULL,
  `createdby_name` varchar(255) DEFAULT NULL,
  `createdby_title` varchar(50) DEFAULT NULL,
  `remote_orgid` varchar(15) DEFAULT NULL,
  `state` varchar(25) DEFAULT NULL,
  `info` text,
  PRIMARY KEY (`objid`),
  KEY `ix_refno` (`refno`),
  KEY `ix_orgid` (`orgid`),
  KEY `ix_state` (`state`)
) ENGINE=InnoDB DEFAULT CHARSET=utf8
;

CREATE TABLE `rpt_syncdata_error` (
  `objid` varchar(50) NOT NULL,
  `filekey` varchar(1000) NOT NULL,
  `error` text,
  `refid` varchar(50) NOT NULL,
  `reftype` varchar(50) NOT NULL,
  `refno` varchar(50) NOT NULL,
  `action` varchar(50) NOT NULL,
  `idx` int(11) NOT NULL,
  `info` text,
  `parent` text,
  `remote_orgid` varchar(50) DEFAULT NULL,
  `remote_orgcode` varchar(5) DEFAULT NULL,
  `remote_orgclass` varchar(50) DEFAULT NULL,
  PRIMARY KEY (`objid`),
  KEY `ix_refid` (`refid`),
  KEY `ix_refno` (`refno`),
  KEY `ix_filekey` (`filekey`(255)),
  KEY `ix_remote_orgid` (`remote_orgid`),
  KEY `ix_remote_orgcode` (`remote_orgcode`)
) ENGINE=InnoDB DEFAULT CHARSET=utf8
;

CREATE TABLE `rpt_syncdata_completed` (
  `objid` varchar(255) NOT NULL,
  `idx` int(255) DEFAULT NULL,
  `action` varchar(100) DEFAULT NULL,
  `refno` varchar(50) DEFAULT NULL,
  `refid` varchar(50) DEFAULT NULL,
  `reftype` varchar(50) DEFAULT NULL,
  `parent_orgid` varchar(50) DEFAULT NULL,
  `sender_name` varchar(255) DEFAULT NULL,
  `sender_title` varchar(255) DEFAULT NULL,
  `dtcreated` datetime DEFAULT NULL,
  PRIMARY KEY (`objid`),
  KEY `ix_refno` (`refno`),
  KEY `ix_refid` (`refid`),
  KEY `ix_parent_orgid` (`parent_orgid`)
) ENGINE=InnoDB DEFAULT CHARSET=utf8
;



drop table if exists sys_domain;
drop table if exists sys_email_queue;


CREATE TABLE `sys_domain` (
  `name` varchar(50) NOT NULL,
  `connection` varchar(50) NOT NULL,
  PRIMARY KEY (`name`)
) ENGINE=InnoDB DEFAULT CHARSET=utf8
;

CREATE TABLE `sys_email_queue` (
  `objid` varchar(50) NOT NULL,
  `refid` varchar(50) NOT NULL,
  `state` int(11) NOT NULL,
  `reportid` varchar(50) DEFAULT NULL,
  `dtsent` datetime NOT NULL,
  `to` varchar(255) NOT NULL,
  `subject` varchar(255) NOT NULL,
  `message` text NOT NULL,
  `errmsg` longtext,
  `connection` varchar(50) DEFAULT NULL,
  PRIMARY KEY (`objid`),
  KEY `ix_refid` (`refid`),
  KEY `ix_state` (`state`),
  KEY `ix_reportid` (`reportid`),
  KEY `ix_dtsent` (`dtsent`)
) ENGINE=InnoDB DEFAULT CHARSET=utf8
;



alter table rpu add stewardparentrpumasterid varchar(50)
;


drop view if exists vw_assessment_notice_item;
drop view if exists vw_assessment_notice;
drop view if exists vw_batch_rpttaxcredit_error;
drop view if exists vw_batchgr;
drop view if exists vw_faas_lookup;
drop view if exists vw_landtax_lgu_account_mapping;
drop view if exists vw_landtax_report_rptdelinquency_detail;
drop view if exists vw_landtax_report_rptdelinquency;
drop view if exists vw_machine_smv;
drop view if exists vw_real_property_payment;
drop view if exists vw_report_orc;
drop view if exists vw_rptcertification_item;
drop view if exists vw_rptledger_avdifference;
drop view if exists vw_rptpayment_item_detail;
drop view if exists vw_rptpayment_item;
drop view if exists vw_rpu_assessment;
drop view if exists vw_txn_log;


drop table if exists vw_assessment_notice_item;
drop table if exists vw_assessment_notice;
drop table if exists vw_batch_rpttaxcredit_error;
drop table if exists vw_batchgr;
drop table if exists vw_faas_lookup;
drop table if exists vw_landtax_lgu_account_mapping;
drop table if exists vw_landtax_report_rptdelinquency_detail;
drop table if exists vw_landtax_report_rptdelinquency;
drop table if exists vw_machine_smv;
drop table if exists vw_real_property_payment;
drop table if exists vw_report_orc;
drop table if exists vw_rptcertification_item;
drop table if exists vw_rptledger_avdifference;
drop table if exists vw_rptpayment_item_detail;
drop table if exists vw_rptpayment_item;
drop table if exists vw_rpu_assessment;
drop table if exists vw_txn_log;



CREATE VIEW `vw_assessment_notice_item` AS select `ni`.`objid` AS `objid`,`ni`.`assessmentnoticeid` AS `assessmentnoticeid`,`f`.`objid` AS `faasid`,`f`.`effectivityyear` AS `effectivityyear`,`f`.`effectivityqtr` AS `effectivityqtr`,`f`.`tdno` AS `tdno`,`f`.`taxpayer_objid` AS `taxpayer_objid`,`e`.`name` AS `taxpayer_name`,`e`.`address_text` AS `taxpayer_address`,`f`.`owner_name` AS `owner_name`,`f`.`owner_address` AS `owner_address`,`f`.`administrator_name` AS `administrator_name`,`f`.`administrator_address` AS `administrator_address`,`f`.`rpuid` AS `rpuid`,`f`.`lguid` AS `lguid`,`f`.`txntype_objid` AS `txntype_objid`,`ft`.`displaycode` AS `txntype_code`,`rpu`.`rputype` AS `rputype`,`rpu`.`ry` AS `ry`,`rpu`.`fullpin` AS `fullpin`,`rpu`.`taxable` AS `taxable`,`rpu`.`totalareaha` AS `totalareaha`,`rpu`.`totalareasqm` AS `totalareasqm`,`rpu`.`totalbmv` AS `totalbmv`,`rpu`.`totalmv` AS `totalmv`,`rpu`.`totalav` AS `totalav`,`rp`.`section` AS `section`,`rp`.`parcel` AS `parcel`,`rp`.`surveyno` AS `surveyno`,`rp`.`cadastrallotno` AS `cadastrallotno`,`rp`.`blockno` AS `blockno`,`rp`.`claimno` AS `claimno`,`rp`.`street` AS `street`,`o`.`name` AS `lguname`,`b`.`name` AS `barangay`,`pc`.`code` AS `classcode`,`pc`.`name` AS `classification` from (((((((((`assessmentnoticeitem` `ni` join `faas` `f` on((`ni`.`faasid` = `f`.`objid`))) left join `txnsignatory` `ts` on(((`ts`.`refid` = `f`.`objid`) and (`ts`.`type` = 'APPROVER')))) join `rpu` on((`f`.`rpuid` = `rpu`.`objid`))) join `propertyclassification` `pc` on((`rpu`.`classification_objid` = `pc`.`objid`))) join `realproperty` `rp` on((`f`.`realpropertyid` = `rp`.`objid`))) join `barangay` `b` on((`rp`.`barangayid` = `b`.`objid`))) join `sys_org` `o` on((`f`.`lguid` = `o`.`objid`))) join `entity` `e` on((`f`.`taxpayer_objid` = `e`.`objid`))) join `faas_txntype` `ft` on((`f`.`txntype_objid` = `ft`.`objid`)));
CREATE VIEW `vw_assessment_notice` AS select `a`.`objid` AS `objid`,`a`.`state` AS `state`,`a`.`txnno` AS `txnno`,`a`.`txndate` AS `txndate`,`a`.`taxpayerid` AS `taxpayerid`,`a`.`taxpayername` AS `taxpayername`,`a`.`taxpayeraddress` AS `taxpayeraddress`,`a`.`dtdelivered` AS `dtdelivered`,`a`.`receivedby` AS `receivedby`,`a`.`remarks` AS `remarks`,`a`.`assessmentyear` AS `assessmentyear`,`a`.`administrator_name` AS `administrator_name`,`a`.`administrator_address` AS `administrator_address`,`fl`.`tdno` AS `tdno`,`fl`.`displaypin` AS `fullpin`,`fl`.`cadastrallotno` AS `cadastrallotno`,`fl`.`titleno` AS `titleno` from ((`assessmentnotice` `a` join `assessmentnoticeitem` `i` on((`a`.`objid` = `i`.`assessmentnoticeid`))) join `faas_list` `fl` on((`i`.`faasid` = `fl`.`objid`)));
CREATE VIEW `vw_batch_rpttaxcredit_error` AS select `br`.`objid` AS `objid`,`br`.`parentid` AS `parentid`,`br`.`state` AS `state`,`br`.`error` AS `error`,`br`.`barangayid` AS `barangayid`,`rl`.`tdno` AS `tdno` from (`batch_rpttaxcredit_ledger` `br` join `rptledger` `rl` on((`br`.`objid` = `rl`.`objid`))) where (`br`.`state` = 'ERROR');
CREATE VIEW `vw_batchgr` AS select `bg`.`objid` AS `objid`,`bg`.`state` AS `state`,`bg`.`ry` AS `ry`,`bg`.`lgu_objid` AS `lgu_objid`,`bg`.`barangay_objid` AS `barangay_objid`,`bg`.`rputype` AS `rputype`,`bg`.`classification_objid` AS `classification_objid`,`bg`.`section` AS `section`,`bg`.`memoranda` AS `memoranda`,`bg`.`txntype_objid` AS `txntype_objid`,`bg`.`txnno` AS `txnno`,`bg`.`txndate` AS `txndate`,`bg`.`effectivityyear` AS `effectivityyear`,`bg`.`effectivityqtr` AS `effectivityqtr`,`bg`.`originlgu_objid` AS `originlgu_objid`,`l`.`name` AS `lgu_name`,`b`.`name` AS `barangay_name`,`b`.`pin` AS `barangay_pin`,`pc`.`name` AS `classification_name`,`t`.`objid` AS `taskid`,`t`.`state` AS `taskstate`,`t`.`assignee_objid` AS `assignee_objid` from ((((`batchgr` `bg` join `sys_org` `l` on((`bg`.`lgu_objid` = `l`.`objid`))) left join `barangay` `b` on((`bg`.`barangay_objid` = `b`.`objid`))) left join `propertyclassification` `pc` on((`bg`.`classification_objid` = `pc`.`objid`))) left join `batchgr_task` `t` on(((`bg`.`objid` = `t`.`refid`) and isnull(`t`.`enddate`))));
CREATE VIEW `vw_faas_lookup` AS select `fl`.`objid` AS `objid`,`fl`.`state` AS `state`,`fl`.`rpuid` AS `rpuid`,`fl`.`utdno` AS `utdno`,`fl`.`tdno` AS `tdno`,`fl`.`txntype_objid` AS `txntype_objid`,`fl`.`effectivityyear` AS `effectivityyear`,`fl`.`effectivityqtr` AS `effectivityqtr`,`fl`.`taxpayer_objid` AS `taxpayer_objid`,`fl`.`owner_name` AS `owner_name`,`fl`.`owner_address` AS `owner_address`,`fl`.`prevtdno` AS `prevtdno`,`fl`.`cancelreason` AS `cancelreason`,`fl`.`cancelledbytdnos` AS `cancelledbytdnos`,`fl`.`lguid` AS `lguid`,`fl`.`realpropertyid` AS `realpropertyid`,`fl`.`displaypin` AS `fullpin`,`fl`.`originlguid` AS `originlguid`,`e`.`name` AS `taxpayer_name`,`e`.`address_text` AS `taxpayer_address`,`pc`.`code` AS `classification_code`,`pc`.`code` AS `classcode`,`pc`.`name` AS `classification_name`,`pc`.`name` AS `classname`,`fl`.`ry` AS `ry`,`fl`.`rputype` AS `rputype`,`fl`.`totalmv` AS `totalmv`,`fl`.`totalav` AS `totalav`,`fl`.`totalareasqm` AS `totalareasqm`,`fl`.`totalareaha` AS `totalareaha`,`fl`.`barangayid` AS `barangayid`,`fl`.`cadastrallotno` AS `cadastrallotno`,`fl`.`blockno` AS `blockno`,`fl`.`surveyno` AS `surveyno`,`fl`.`pin` AS `pin`,`fl`.`barangay` AS `barangay_name`,`fl`.`trackingno` AS `trackingno` from ((`faas_list` `fl` left join `propertyclassification` `pc` on((`fl`.`classification_objid` = `pc`.`objid`))) left join `entity` `e` on((`fl`.`taxpayer_objid` = `e`.`objid`)));
CREATE VIEW `vw_landtax_lgu_account_mapping` AS select `ia`.`org_objid` AS `org_objid`,`ia`.`org_name` AS `org_name`,`o`.`orgclass` AS `org_class`,`p`.`objid` AS `parent_objid`,`p`.`code` AS `parent_code`,`p`.`title` AS `parent_title`,`ia`.`objid` AS `item_objid`,`ia`.`code` AS `item_code`,`ia`.`title` AS `item_title`,`ia`.`fund_objid` AS `item_fund_objid`,`ia`.`fund_code` AS `item_fund_code`,`ia`.`fund_title` AS `item_fund_title`,`ia`.`type` AS `item_type`,`pt`.`tag` AS `item_tag` from (((`itemaccount` `ia` join `itemaccount` `p` on((`ia`.`parentid` = `p`.`objid`))) join `itemaccount_tag` `pt` on((`p`.`objid` = `pt`.`acctid`))) join `sys_org` `o` on((`ia`.`org_objid` = `o`.`objid`))) where (`p`.`state` = 'ACTIVE');
CREATE VIEW `vw_landtax_report_rptdelinquency_detail` AS select `ri`.`objid` AS `objid`,`ri`.`rptledgerid` AS `rptledgerid`,`ri`.`barangayid` AS `barangayid`,`ri`.`year` AS `year`,`ri`.`qtr` AS `qtr`,`r`.`dtgenerated` AS `dtgenerated`,`r`.`dtcomputed` AS `dtcomputed`,`r`.`generatedby_name` AS `generatedby_name`,`r`.`generatedby_title` AS `generatedby_title`,(case when (`ri`.`revtype` = 'basic') then `ri`.`amount` else 0 end) AS `basic`,(case when (`ri`.`revtype` = 'basic') then `ri`.`interest` else 0 end) AS `basicint`,(case when (`ri`.`revtype` = 'basic') then `ri`.`discount` else 0 end) AS `basicdisc`,(case when (`ri`.`revtype` = 'basic') then (`ri`.`interest` - `ri`.`discount`) else 0 end) AS `basicdp`,(case when (`ri`.`revtype` = 'basic') then ((`ri`.`amount` + `ri`.`interest`) - `ri`.`discount`) else 0 end) AS `basicnet`,(case when (`ri`.`revtype` = 'basicidle') then `ri`.`amount` else 0 end) AS `basicidle`,(case when (`ri`.`revtype` = 'basicidle') then `ri`.`interest` else 0 end) AS `basicidleint`,(case when (`ri`.`revtype` = 'basicidle') then `ri`.`discount` else 0 end) AS `basicidledisc`,(case when (`ri`.`revtype` = 'basicidle') then (`ri`.`interest` - `ri`.`discount`) else 0 end) AS `basicidledp`,(case when (`ri`.`revtype` = 'basicidle') then ((`ri`.`amount` + `ri`.`interest`) - `ri`.`discount`) else 0 end) AS `basicidlenet`,(case when (`ri`.`revtype` = 'sef') then `ri`.`amount` else 0 end) AS `sef`,(case when (`ri`.`revtype` = 'sef') then `ri`.`interest` else 0 end) AS `sefint`,(case when (`ri`.`revtype` = 'sef') then `ri`.`discount` else 0 end) AS `sefdisc`,(case when (`ri`.`revtype` = 'sef') then (`ri`.`interest` - `ri`.`discount`) else 0 end) AS `sefdp`,(case when (`ri`.`revtype` = 'sef') then ((`ri`.`amount` + `ri`.`interest`) - `ri`.`discount`) else 0 end) AS `sefnet`,(case when (`ri`.`revtype` = 'firecode') then `ri`.`amount` else 0 end) AS `firecode`,(case when (`ri`.`revtype` = 'firecode') then `ri`.`interest` else 0 end) AS `firecodeint`,(case when (`ri`.`revtype` = 'firecode') then `ri`.`discount` else 0 end) AS `firecodedisc`,(case when (`ri`.`revtype` = 'firecode') then (`ri`.`interest` - `ri`.`discount`) else 0 end) AS `firecodedp`,(case when (`ri`.`revtype` = 'firecode') then ((`ri`.`amount` + `ri`.`interest`) - `ri`.`discount`) else 0 end) AS `firecodenet`,(case when (`ri`.`revtype` = 'sh') then `ri`.`amount` else 0 end) AS `sh`,(case when (`ri`.`revtype` = 'sh') then `ri`.`interest` else 0 end) AS `shint`,(case when (`ri`.`revtype` = 'sh') then `ri`.`discount` else 0 end) AS `shdisc`,(case when (`ri`.`revtype` = 'sh') then (`ri`.`interest` - `ri`.`discount`) else 0 end) AS `shdp`,(case when (`ri`.`revtype` = 'sh') then ((`ri`.`amount` + `ri`.`interest`) - `ri`.`discount`) else 0 end) AS `shnet`,((`ri`.`amount` + `ri`.`interest`) - `ri`.`discount`) AS `total` from (`report_rptdelinquency_item` `ri` join `report_rptdelinquency` `r` on((`ri`.`parentid` = `r`.`objid`)));
CREATE VIEW `vw_landtax_report_rptdelinquency` AS select `ri`.`objid` AS `objid`,`ri`.`rptledgerid` AS `rptledgerid`,`ri`.`barangayid` AS `barangayid`,`ri`.`year` AS `year`,`ri`.`qtr` AS `qtr`,`r`.`dtgenerated` AS `dtgenerated`,`r`.`dtcomputed` AS `dtcomputed`,`r`.`generatedby_name` AS `generatedby_name`,`r`.`generatedby_title` AS `generatedby_title`,(case when (`ri`.`revtype` = 'basic') then `ri`.`amount` else 0 end) AS `basic`,(case when (`ri`.`revtype` = 'basic') then `ri`.`interest` else 0 end) AS `basicint`,(case when (`ri`.`revtype` = 'basic') then `ri`.`discount` else 0 end) AS `basicdisc`,(case when (`ri`.`revtype` = 'basic') then (`ri`.`interest` - `ri`.`discount`) else 0 end) AS `basicdp`,(case when (`ri`.`revtype` = 'basic') then ((`ri`.`amount` + `ri`.`interest`) - `ri`.`discount`) else 0 end) AS `basicnet`,(case when (`ri`.`revtype` = 'basicidle') then `ri`.`amount` else 0 end) AS `basicidle`,(case when (`ri`.`revtype` = 'basicidle') then `ri`.`interest` else 0 end) AS `basicidleint`,(case when (`ri`.`revtype` = 'basicidle') then `ri`.`discount` else 0 end) AS `basicidledisc`,(case when (`ri`.`revtype` = 'basicidle') then (`ri`.`interest` - `ri`.`discount`) else 0 end) AS `basicidledp`,(case when (`ri`.`revtype` = 'basicidle') then ((`ri`.`amount` + `ri`.`interest`) - `ri`.`discount`) else 0 end) AS `basicidlenet`,(case when (`ri`.`revtype` = 'sef') then `ri`.`amount` else 0 end) AS `sef`,(case when (`ri`.`revtype` = 'sef') then `ri`.`interest` else 0 end) AS `sefint`,(case when (`ri`.`revtype` = 'sef') then `ri`.`discount` else 0 end) AS `sefdisc`,(case when (`ri`.`revtype` = 'sef') then (`ri`.`interest` - `ri`.`discount`) else 0 end) AS `sefdp`,(case when (`ri`.`revtype` = 'sef') then ((`ri`.`amount` + `ri`.`interest`) - `ri`.`discount`) else 0 end) AS `sefnet`,(case when (`ri`.`revtype` = 'firecode') then `ri`.`amount` else 0 end) AS `firecode`,(case when (`ri`.`revtype` = 'firecode') then `ri`.`interest` else 0 end) AS `firecodeint`,(case when (`ri`.`revtype` = 'firecode') then `ri`.`discount` else 0 end) AS `firecodedisc`,(case when (`ri`.`revtype` = 'firecode') then (`ri`.`interest` - `ri`.`discount`) else 0 end) AS `firecodedp`,(case when (`ri`.`revtype` = 'firecode') then ((`ri`.`amount` + `ri`.`interest`) - `ri`.`discount`) else 0 end) AS `firecodenet`,(case when (`ri`.`revtype` = 'sh') then `ri`.`amount` else 0 end) AS `sh`,(case when (`ri`.`revtype` = 'sh') then `ri`.`interest` else 0 end) AS `shint`,(case when (`ri`.`revtype` = 'sh') then `ri`.`discount` else 0 end) AS `shdisc`,(case when (`ri`.`revtype` = 'sh') then (`ri`.`interest` - `ri`.`discount`) else 0 end) AS `shdp`,(case when (`ri`.`revtype` = 'sh') then ((`ri`.`amount` + `ri`.`interest`) - `ri`.`discount`) else 0 end) AS `shnet`,((`ri`.`amount` + `ri`.`interest`) - `ri`.`discount`) AS `total` from (`report_rptdelinquency_item` `ri` join `report_rptdelinquency` `r` on((`ri`.`parentid` = `r`.`objid`)));
CREATE VIEW `vw_machine_smv` AS select `ms`.`objid` AS `objid`,`ms`.`parent_objid` AS `parent_objid`,`ms`.`machine_objid` AS `machine_objid`,`ms`.`expr` AS `expr`,`ms`.`previd` AS `previd`,`m`.`code` AS `code`,`m`.`name` AS `name` from (`machine_smv` `ms` join `machine` `m` on((`ms`.`machine_objid` = `m`.`objid`)));
CREATE VIEW `vw_real_property_payment` AS select `cv`.`controldate` AS `cv_controldate`,`rem`.`controldate` AS `rem_controldate`,`rl`.`owner_name` AS `owner_name`,`rl`.`tdno` AS `tdno`,`pc`.`name` AS `classification`,(case when (`rl`.`rputype` = 'land') then 'LAND' when (`rl`.`rputype` = 'bldg') then 'BUILDING' when (`rl`.`rputype` = 'mach') then 'MACHINERY' when (`rl`.`rputype` = 'planttree') then 'PLANT/TREE' else 'MISCELLANEOUS' end) AS `rputype`,`b`.`name` AS `barangay`,((`rpi`.`amount` + `rpi`.`interest`) - `rpi`.`discount`) AS `amount`,(case when isnull(`v`.`objid`) then 0 else 1 end) AS `voided` from ((((((((`collectionvoucher` `cv` join `remittance` `rem` on((`cv`.`objid` = `rem`.`collectionvoucherid`))) join `cashreceipt` `cr` on((`rem`.`objid` = `cr`.`remittanceid`))) join `rptpayment` `rp` on((`cr`.`objid` = `rp`.`receiptid`))) join `rptpayment_item` `rpi` on((`rp`.`objid` = `rpi`.`parentid`))) join `rptledger` `rl` on((`rp`.`refid` = `rl`.`objid`))) join `barangay` `b` on((`rl`.`barangayid` = `b`.`objid`))) join `propertyclassification` `pc` on((`rl`.`classification_objid` = `pc`.`objid`))) left join `cashreceipt_void` `v` on((`cr`.`objid` = `v`.`receiptid`)));
CREATE VIEW `vw_report_orc` AS select `f`.`objid` AS `objid`,`f`.`state` AS `state`,`e`.`objid` AS `taxpayerid`,`e`.`name` AS `taxpayer_name`,`e`.`address_text` AS `taxpayer_address`,`o`.`name` AS `lgu_name`,`o`.`code` AS `lgu_indexno`,`f`.`dtapproved` AS `dtapproved`,`r`.`rputype` AS `rputype`,`pc`.`code` AS `classcode`,`pc`.`name` AS `classification`,`f`.`fullpin` AS `pin`,`f`.`titleno` AS `titleno`,`rp`.`cadastrallotno` AS `cadastrallotno`,`f`.`tdno` AS `tdno`,'' AS `arpno`,`f`.`prevowner` AS `prevowner`,`b`.`name` AS `location`,`r`.`totalareaha` AS `totalareaha`,`r`.`totalareasqm` AS `totalareasqm`,`r`.`totalmv` AS `totalmv`,`r`.`totalav` AS `totalav`,(case when (`f`.`state` = 'CURRENT') then '' else 'CANCELLED' end) AS `remarks` from ((((((`faas` `f` join `rpu` `r` on((`f`.`rpuid` = `r`.`objid`))) join `realproperty` `rp` on((`f`.`realpropertyid` = `rp`.`objid`))) join `propertyclassification` `pc` on((`r`.`classification_objid` = `pc`.`objid`))) join `entity` `e` on((`f`.`taxpayer_objid` = `e`.`objid`))) join `sys_org` `o` on((`rp`.`lguid` = `o`.`objid`))) join `barangay` `b` on((`rp`.`barangayid` = `b`.`objid`))) where (`f`.`state` in ('CURRENT','CANCELLED'));
CREATE VIEW `vw_rptcertification_item` AS select `rci`.`rptcertificationid` AS `rptcertificationid`,`f`.`objid` AS `faasid`,`f`.`fullpin` AS `fullpin`,`f`.`tdno` AS `tdno`,`e`.`objid` AS `taxpayerid`,`e`.`name` AS `taxpayer_name`,`f`.`owner_name` AS `owner_name`,`f`.`administrator_name` AS `administrator_name`,`f`.`titleno` AS `titleno`,`f`.`rpuid` AS `rpuid`,`pc`.`code` AS `classcode`,`pc`.`name` AS `classname`,`so`.`name` AS `lguname`,`b`.`name` AS `barangay`,`r`.`rputype` AS `rputype`,`r`.`suffix` AS `suffix`,`r`.`totalareaha` AS `totalareaha`,`r`.`totalareasqm` AS `totalareasqm`,`r`.`totalav` AS `totalav`,`r`.`totalmv` AS `totalmv`,`rp`.`street` AS `street`,`rp`.`blockno` AS `blockno`,`rp`.`cadastrallotno` AS `cadastrallotno`,`rp`.`surveyno` AS `surveyno`,`r`.`taxable` AS `taxable`,`f`.`effectivityyear` AS `effectivityyear`,`f`.`effectivityqtr` AS `effectivityqtr` from (((((((`rptcertificationitem` `rci` join `faas` `f` on((`rci`.`refid` = `f`.`objid`))) join `rpu` `r` on((`f`.`rpuid` = `r`.`objid`))) join `propertyclassification` `pc` on((`r`.`classification_objid` = `pc`.`objid`))) join `realproperty` `rp` on((`f`.`realpropertyid` = `rp`.`objid`))) join `barangay` `b` on((`rp`.`barangayid` = `b`.`objid`))) join `sys_org` `so` on((`f`.`lguid` = `so`.`objid`))) join `entity` `e` on((`f`.`taxpayer_objid` = `e`.`objid`)));
CREATE VIEW `vw_rptledger_avdifference` AS select `rlf`.`objid` AS `objid`,'APPROVED' AS `state`,`d`.`parent_objid` AS `rptledgerid`,`rl`.`faasid` AS `faasid`,`rl`.`tdno` AS `tdno`,`rlf`.`txntype_objid` AS `txntype_objid`,`rlf`.`classification_objid` AS `classification_objid`,`rlf`.`actualuse_objid` AS `actualuse_objid`,`rlf`.`taxable` AS `taxable`,`rlf`.`backtax` AS `backtax`,`d`.`year` AS `fromyear`,1 AS `fromqtr`,`d`.`year` AS `toyear`,4 AS `toqtr`,`d`.`av` AS `assessedvalue`,1 AS `systemcreated`,`rlf`.`reclassed` AS `reclassed`,`rlf`.`idleland` AS `idleland`,1 AS `taxdifference` from ((`rptledger_avdifference` `d` join `rptledgerfaas` `rlf` on((`d`.`rptledgerfaas_objid` = `rlf`.`objid`))) join `rptledger` `rl` on((`d`.`parent_objid` = `rl`.`objid`)));
CREATE VIEW `vw_rptpayment_item_detail` AS select `rpi`.`objid` AS `objid`,`rpi`.`parentid` AS `parentid`,`rpi`.`rptledgerfaasid` AS `rptledgerfaasid`,`rpi`.`year` AS `year`,`rpi`.`qtr` AS `qtr`,`rpi`.`revperiod` AS `revperiod`,(case when (`rpi`.`revtype` = 'basic') then `rpi`.`amount` else 0 end) AS `basic`,(case when (`rpi`.`revtype` = 'basic') then `rpi`.`interest` else 0 end) AS `basicint`,(case when (`rpi`.`revtype` = 'basic') then `rpi`.`discount` else 0 end) AS `basicdisc`,(case when (`rpi`.`revtype` = 'basic') then (`rpi`.`interest` - `rpi`.`discount`) else 0 end) AS `basicdp`,(case when (`rpi`.`revtype` = 'basic') then ((`rpi`.`amount` + `rpi`.`interest`) - `rpi`.`discount`) else 0 end) AS `basicnet`,(case when (`rpi`.`revtype` = 'basicidle') then ((`rpi`.`amount` + `rpi`.`interest`) - `rpi`.`discount`) else 0 end) AS `basicidle`,(case when (`rpi`.`revtype` = 'basicidle') then `rpi`.`interest` else 0 end) AS `basicidleint`,(case when (`rpi`.`revtype` = 'basicidle') then `rpi`.`discount` else 0 end) AS `basicidledisc`,(case when (`rpi`.`revtype` = 'basicidle') then (`rpi`.`interest` - `rpi`.`discount`) else 0 end) AS `basicidledp`,(case when (`rpi`.`revtype` = 'sef') then `rpi`.`amount` else 0 end) AS `sef`,(case when (`rpi`.`revtype` = 'sef') then `rpi`.`interest` else 0 end) AS `sefint`,(case when (`rpi`.`revtype` = 'sef') then `rpi`.`discount` else 0 end) AS `sefdisc`,(case when (`rpi`.`revtype` = 'sef') then (`rpi`.`interest` - `rpi`.`discount`) else 0 end) AS `sefdp`,(case when (`rpi`.`revtype` = 'sef') then ((`rpi`.`amount` + `rpi`.`interest`) - `rpi`.`discount`) else 0 end) AS `sefnet`,(case when (`rpi`.`revtype` = 'firecode') then ((`rpi`.`amount` + `rpi`.`interest`) - `rpi`.`discount`) else 0 end) AS `firecode`,(case when (`rpi`.`revtype` = 'sh') then ((`rpi`.`amount` + `rpi`.`interest`) - `rpi`.`discount`) else 0 end) AS `sh`,(case when (`rpi`.`revtype` = 'sh') then `rpi`.`interest` else 0 end) AS `shint`,(case when (`rpi`.`revtype` = 'sh') then `rpi`.`discount` else 0 end) AS `shdisc`,(case when (`rpi`.`revtype` = 'sh') then (`rpi`.`interest` - `rpi`.`discount`) else 0 end) AS `shdp`,(case when (`rpi`.`revtype` = 'sh') then ((`rpi`.`amount` + `rpi`.`interest`) - `rpi`.`discount`) else 0 end) AS `shnet`,((`rpi`.`amount` + `rpi`.`interest`) - `rpi`.`discount`) AS `amount`,`rpi`.`partialled` AS `partialled` from `rptpayment_item` `rpi`;
CREATE VIEW `vw_rptpayment_item` AS select `x`.`parentid` AS `parentid`,`x`.`rptledgerfaasid` AS `rptledgerfaasid`,`x`.`year` AS `year`,`x`.`qtr` AS `qtr`,`x`.`revperiod` AS `revperiod`,sum(`x`.`basic`) AS `basic`,sum(`x`.`basicint`) AS `basicint`,sum(`x`.`basicdisc`) AS `basicdisc`,sum(`x`.`basicdp`) AS `basicdp`,sum(`x`.`basicnet`) AS `basicnet`,sum(`x`.`basicidle`) AS `basicidle`,sum(`x`.`basicidleint`) AS `basicidleint`,sum(`x`.`basicidledisc`) AS `basicidledisc`,sum(`x`.`basicidledp`) AS `basicidledp`,sum(`x`.`sef`) AS `sef`,sum(`x`.`sefint`) AS `sefint`,sum(`x`.`sefdisc`) AS `sefdisc`,sum(`x`.`sefdp`) AS `sefdp`,sum(`x`.`sefnet`) AS `sefnet`,sum(`x`.`firecode`) AS `firecode`,sum(`x`.`sh`) AS `sh`,sum(`x`.`shint`) AS `shint`,sum(`x`.`shdisc`) AS `shdisc`,sum(`x`.`shdp`) AS `shdp`,sum(`x`.`amount`) AS `amount`,max(`x`.`partialled`) AS `partialled` from `vw_rptpayment_item_detail` `x` group by `x`.`parentid`,`x`.`rptledgerfaasid`,`x`.`year`,`x`.`qtr`,`x`.`revperiod`;
CREATE VIEW `vw_rpu_assessment` AS select `r`.`objid` AS `objid`,`r`.`rputype` AS `rputype`,`dpc`.`objid` AS `dominantclass_objid`,`dpc`.`code` AS `dominantclass_code`,`dpc`.`name` AS `dominantclass_name`,`dpc`.`orderno` AS `dominantclass_orderno`,`ra`.`areasqm` AS `areasqm`,`ra`.`areaha` AS `areaha`,`ra`.`marketvalue` AS `marketvalue`,`ra`.`assesslevel` AS `assesslevel`,`ra`.`assessedvalue` AS `assessedvalue`,`ra`.`taxable` AS `taxable`,`au`.`code` AS `actualuse_code`,`au`.`name` AS `actualuse_name`,`auc`.`objid` AS `actualuse_objid`,`auc`.`code` AS `actualuse_classcode`,`auc`.`name` AS `actualuse_classname`,`auc`.`orderno` AS `actualuse_orderno` from ((((`rpu` `r` join `propertyclassification` `dpc` on((`r`.`classification_objid` = `dpc`.`objid`))) join `rpu_assessment` `ra` on((`r`.`objid` = `ra`.`rpuid`))) join `landassesslevel` `au` on((`ra`.`actualuse_objid` = `au`.`objid`))) left join `propertyclassification` `auc` on((`au`.`classification_objid` = `auc`.`objid`))) union select `r`.`objid` AS `objid`,`r`.`rputype` AS `rputype`,`dpc`.`objid` AS `dominantclass_objid`,`dpc`.`code` AS `dominantclass_code`,`dpc`.`name` AS `dominantclass_name`,`dpc`.`orderno` AS `dominantclass_orderno`,`ra`.`areasqm` AS `areasqm`,`ra`.`areaha` AS `areaha`,`ra`.`marketvalue` AS `marketvalue`,`ra`.`assesslevel` AS `assesslevel`,`ra`.`assessedvalue` AS `assessedvalue`,`ra`.`taxable` AS `taxable`,`au`.`code` AS `actualuse_code`,`au`.`name` AS `actualuse_name`,`auc`.`objid` AS `actualuse_objid`,`auc`.`code` AS `actualuse_classcode`,`auc`.`name` AS `actualuse_classname`,`auc`.`orderno` AS `actualuse_orderno` from ((((`rpu` `r` join `propertyclassification` `dpc` on((`r`.`classification_objid` = `dpc`.`objid`))) join `rpu_assessment` `ra` on((`r`.`objid` = `ra`.`rpuid`))) join `bldgassesslevel` `au` on((`ra`.`actualuse_objid` = `au`.`objid`))) left join `propertyclassification` `auc` on((`au`.`classification_objid` = `auc`.`objid`))) union select `r`.`objid` AS `objid`,`r`.`rputype` AS `rputype`,`dpc`.`objid` AS `dominantclass_objid`,`dpc`.`code` AS `dominantclass_code`,`dpc`.`name` AS `dominantclass_name`,`dpc`.`orderno` AS `dominantclass_orderno`,`ra`.`areasqm` AS `areasqm`,`ra`.`areaha` AS `areaha`,`ra`.`marketvalue` AS `marketvalue`,`ra`.`assesslevel` AS `assesslevel`,`ra`.`assessedvalue` AS `assessedvalue`,`ra`.`taxable` AS `taxable`,`au`.`code` AS `actualuse_code`,`au`.`name` AS `actualuse_name`,`auc`.`objid` AS `actualuse_objid`,`auc`.`code` AS `actualuse_classcode`,`auc`.`name` AS `actualuse_classname`,`auc`.`orderno` AS `actualuse_orderno` from ((((`rpu` `r` join `propertyclassification` `dpc` on((`r`.`classification_objid` = `dpc`.`objid`))) join `rpu_assessment` `ra` on((`r`.`objid` = `ra`.`rpuid`))) join `machassesslevel` `au` on((`ra`.`actualuse_objid` = `au`.`objid`))) left join `propertyclassification` `auc` on((`au`.`classification_objid` = `auc`.`objid`))) union select `r`.`objid` AS `objid`,`r`.`rputype` AS `rputype`,`dpc`.`objid` AS `dominantclass_objid`,`dpc`.`code` AS `dominantclass_code`,`dpc`.`name` AS `dominantclass_name`,`dpc`.`orderno` AS `dominantclass_orderno`,`ra`.`areasqm` AS `areasqm`,`ra`.`areaha` AS `areaha`,`ra`.`marketvalue` AS `marketvalue`,`ra`.`assesslevel` AS `assesslevel`,`ra`.`assessedvalue` AS `assessedvalue`,`ra`.`taxable` AS `taxable`,`au`.`code` AS `actualuse_code`,`au`.`name` AS `actualuse_name`,`auc`.`objid` AS `actualuse_objid`,`auc`.`code` AS `actualuse_classcode`,`auc`.`name` AS `actualuse_classname`,`auc`.`orderno` AS `actualuse_orderno` from ((((`rpu` `r` join `propertyclassification` `dpc` on((`r`.`classification_objid` = `dpc`.`objid`))) join `rpu_assessment` `ra` on((`r`.`objid` = `ra`.`rpuid`))) join `planttreeassesslevel` `au` on((`ra`.`actualuse_objid` = `au`.`objid`))) left join `propertyclassification` `auc` on((`au`.`classification_objid` = `auc`.`objid`))) union select `r`.`objid` AS `objid`,`r`.`rputype` AS `rputype`,`dpc`.`objid` AS `dominantclass_objid`,`dpc`.`code` AS `dominantclass_code`,`dpc`.`name` AS `dominantclass_name`,`dpc`.`orderno` AS `dominantclass_orderno`,`ra`.`areasqm` AS `areasqm`,`ra`.`areaha` AS `areaha`,`ra`.`marketvalue` AS `marketvalue`,`ra`.`assesslevel` AS `assesslevel`,`ra`.`assessedvalue` AS `assessedvalue`,`ra`.`taxable` AS `taxable`,`au`.`code` AS `actualuse_code`,`au`.`name` AS `actualuse_name`,`auc`.`objid` AS `actualuse_objid`,`auc`.`code` AS `actualuse_classcode`,`auc`.`name` AS `actualuse_classname`,`auc`.`orderno` AS `actualuse_orderno` from ((((`rpu` `r` join `propertyclassification` `dpc` on((`r`.`classification_objid` = `dpc`.`objid`))) join `rpu_assessment` `ra` on((`r`.`objid` = `ra`.`rpuid`))) join `miscassesslevel` `au` on((`ra`.`actualuse_objid` = `au`.`objid`))) left join `propertyclassification` `auc` on((`au`.`classification_objid` = `auc`.`objid`)));
CREATE VIEW `vw_txn_log` AS select distinct `u`.`objid` AS `userid`,`u`.`name` AS `username`,`t`.`txndate` AS `txndate`,`t`.`ref` AS `ref`,`t`.`action` AS `action`,1 AS `cnt` from (`txnlog` `t` join `sys_user` `u` on((`t`.`userid` = `u`.`objid`))) union select `u`.`objid` AS `userid`,`u`.`name` AS `username`,`t`.`enddate` AS `txndate`,'faas' AS `ref`,(case when (`t`.`state` like '%receiver%') then 'receive' when (`t`.`state` like '%examiner%') then 'examine' when (`t`.`state` like '%taxmapper_chief%') then 'approve taxmap' when (`t`.`state` like '%taxmapper%') then 'taxmap' when (`t`.`state` like '%appraiser%') then 'appraise' when (`t`.`state` like '%appraiser_chief%') then 'approve appraisal' when (`t`.`state` like '%recommender%') then 'recommend' when (`t`.`state` like '%approver%') then 'approve' else `t`.`state` end) AS `action`,1 AS `cnt` from (`faas_task` `t` join `sys_user` `u` on((`t`.`actor_objid` = `u`.`objid`))) where (not((`t`.`state` like '%assign%'))) union select `u`.`objid` AS `userid`,`u`.`name` AS `username`,`t`.`enddate` AS `txndate`,'subdivision' AS `ref`,(case when (`t`.`state` like '%receiver%') then 'receive' when (`t`.`state` like '%examiner%') then 'examine' when (`t`.`state` like '%taxmapper_chief%') then 'approve taxmap' when (`t`.`state` like '%taxmapper%') then 'taxmap' when (`t`.`state` like '%appraiser%') then 'appraise' when (`t`.`state` like '%appraiser_chief%') then 'approve appraisal' when (`t`.`state` like '%recommender%') then 'recommend' when (`t`.`state` like '%approver%') then 'approve' else `t`.`state` end) AS `action`,1 AS `cnt` from (`subdivision_task` `t` join `sys_user` `u` on((`t`.`actor_objid` = `u`.`objid`))) where (not((`t`.`state` like '%assign%'))) union select `u`.`objid` AS `userid`,`u`.`name` AS `username`,`t`.`enddate` AS `txndate`,'consolidation' AS `ref`,(case when (`t`.`state` like '%receiver%') then 'receive' when (`t`.`state` like '%examiner%') then 'examine' when (`t`.`state` like '%taxmapper_chief%') then 'approve taxmap' when (`t`.`state` like '%taxmapper%') then 'taxmap' when (`t`.`state` like '%appraiser%') then 'appraise' when (`t`.`state` like '%appraiser_chief%') then 'approve appraisal' when (`t`.`state` like '%recommender%') then 'recommend' when (`t`.`state` like '%approver%') then 'approve' else `t`.`state` end) AS `action`,1 AS `cnt` from (`subdivision_task` `t` join `sys_user` `u` on((`t`.`actor_objid` = `u`.`objid`))) where (not((`t`.`state` like '%consolidation%'))) union select `u`.`objid` AS `userid`,`u`.`name` AS `username`,`t`.`enddate` AS `txndate`,'cancelledfaas' AS `ref`,(case when (`t`.`state` like '%receiver%') then 'receive' when (`t`.`state` like '%examiner%') then 'examine' when (`t`.`state` like '%taxmapper_chief%') then 'approve taxmap' when (`t`.`state` like '%taxmapper%') then 'taxmap' when (`t`.`state` like '%appraiser%') then 'appraise' when (`t`.`state` like '%appraiser_chief%') then 'approve appraisal' when (`t`.`state` like '%recommender%') then 'recommend' when (`t`.`state` like '%approver%') then 'approve' else `t`.`state` end) AS `action`,1 AS `cnt` from (`subdivision_task` `t` join `sys_user` `u` on((`t`.`actor_objid` = `u`.`objid`))) where (not((`t`.`state` like '%cancelledfaas%')));


